

--- AUDIT AT 2026-04-07T15:49:51.736Z ---
# Expert Panel 심사 결과

## 포스트 심사

**Roy Lee (바이럴 심사관): 88/100**
- 50% 혐오 테스트: 23점 (관계 초반 남/녀 모두 공감하되, 통제욕 강한 사람에게 거슬릴 수 있음)
- 공유 유발 요소: 24점 (저장/댓글 욕구 강함. "호감과 위험은 종이 한 장" 공유 가능)
- 브랜드 DNA 일치: 22점 (연애 조언이 정체성이나 전문성 언급 없어 약함)
- 훅의 강도: 22점 (숫자 "3가지"는 좋으나 "반드시 조심"은 예측 가능한 시작)
- **감점:** 마지막 "호감과 위험은 종이 한 장 차이"가 명언처럼 들려 -3점 (약간의 예측 가능성)

---

**타깃 유저 (독자 심사관): 87/100**
- "내 얘기인가?": 24점 (초기 연애 중인 2030 타깃에게 강하게 와닿음)
- 저장하고 싶은가: 23점 (실질적 체크리스트 가치는 있으나, 깊이 있는 통찰력 부족)
- 댓글 달고 싶은가: 24점 (충분히 의견 개진 욕구 유발)
- 읽기 편한가: 24점 (길이 7줄, 번호 매김, 가독성 좋


--- AUDIT AT 2026-04-07T15:49:52.555Z ---
# Expert Panel — 심사 결과

## Roy Lee (바이럴 심사관)

**채점:**
- 50% 혐오 테스트: 23/25 (점쟁이 신뢰자 vs 회의론자의 갈등 구도 명확하나, 강도가 중간)
- 공유 유발 요소: 24/25 (자신의 입장 표명 욕구 + 저장 가치 높음)
- 논란 각도 × 브랜드 일치: 22/25 (자기결정권 메시지는 명확하나 브랜드 보이스가 중립적으로 느껴짐)
- 훅의 즉각성: 24/25 (첫 문장 "비용 10만원, 예약 2주" 구체적 수치로 강함)

**감점:** -2점 (예측 가능한 결말 구조: 문제 제시 → 해결책 제시 → 깨달음)

**Roy Lee 점수: 91/100**

---

## 타깃 유저 (독자 심사관)

**채점:**
- "내 얘기인가?": 25/25 (점술 경험자, AI 서비스 이용자, 의사결정 고민층 정확히 타겟)
- 저장하고 싶은가?: 24/25 (명언성 있으나 정보 밀도는 중간)
- 댓글 달고 싶은가?: 25/25 (마지막 질문 "넌 지금 어느 단계에 있어?"가 강한 참여 유도)
- 읽기 편한가?: 25/25 (7줄, 


--- AUDIT AT 2026-04-07T15:50:02.320Z ---
# Expert Panel 심사 결과

## Roy Lee (바이럴 심사관)

| 항목 | 배점 | 채점 | 비고 |
|------|------|------|------|
| 50% 혐오 테스트 | 25 | 23 | 점술 업계/무료 운세 신뢰성 폄하로 일부 반감 가능성 있음 |
| 공유 유발 요소 | 25 | 24 | "너 지금 뭐하고 있어?" 강한 자책 유발, 저장/댓글 욕구 높음 |
| 논란 각도 × 브랜드 DNA | 25 | 22 | AI의 우월성 주장은 선명하지만, 브랜드 정체성이 불명확 |
| 훅의 즉각성 | 25 | 24 | "10만원 쓰는 것도 답답한데"로 시작하는 공감+반전 구조 우수 |
| **감점** | - | -8 | 모두를 위한 메시지 느낌 없음(좋음), 하지만 예측 가능한 결말(-8) |

**Roy Lee 점수: 85/100**

---

## 타깃 유저 (독자 심사관)

| 항목 | 배점 | 채점 | 비고 |
|------|------|------|------|
| "내 얘기인가?" | 25 | 24 | 운세 찾아본 경험 있는 사람에게 정확히 꽂힘, 자책 감정 건드림 |
| 저장하고 싶은가? | 25 | 18 | 


--- AUDIT AT 2026-04-07T15:50:03.759Z ---
# Expert Panel 심사 결과

## Roy Lee (바이럴 심사관)

**채점 항목별 분석:**
- 50% 혐오 테스트 통과? (25점) → **24점**: 연애 초반 남녀 모두에게 공감대 형성. 다만 "치료실이야"는 다소 자조적이지만 반발 각도가 명확함
- 공유 유발 요소 있음? (25점) → **25점**: "주변에 연애 초반인 친구 있으면 공유해줘" 직접 호출 + 댓글 달고싶은 충동(첫댓글이 증명)
- 논란 각도가 브랜드 DNA와 일치? (25점) → **24점**: 냉정한 관찰자 톤 유지. 다만 브랜드 보이스 기준이 명확하지 않아 소폭 감점
- 훅이 스크롤을 멈추게 하는가? (25점) → **23점**: "반드시 조심해야 할 3가지"는 예측 가능한 리스트형. 첫 문장 자체는 강하지만 공식적 구조

**감점 적용:**
- 브랜드 직접 언급 없음 (+0)
- 예측 가능한 결말 없음 (+0)
- "모두를 위한" 톤 없음 (+0)

**Roy Lee: 96/100**

---

## 타깃 유저 (독자 심사관)

**채점 항목별 분석:**
- "내 얘기인가?" (25점) → **25점**: 연애 초반의 구체적 


--- AUDIT AT 2026-04-07T15:50:12.310Z ---
# Expert Panel 채점 결과

## Roy Lee (바이럴 심사관): 78/100

**항목별 채점:**
- 50% 혐오 테스트 통과: 18/25 (점집 비판은 좋지만, AI 찬양이 너무 노골적)
- 공유 유발 요소: 22/25 (댓글에서 "정확도가 무섭더라"로 호기심 유발 ○)
- 논란 각도 vs 브랜드 일치: 20/25 (논쟁적이지만 신비로운 이미지와 충돌)
- 훅의 강도: 18/25 (첫 문장은 강하지만 "솔직히"가 필러, "그런데 말이야" 약함)

**감점 항목:**
- "~해야 해"식 마무리: -5점 (대신 강렬한 질문으로 끝남 ○)
- AI 직접 광고 느낌: -2점 (제품명은 없으나 AI 예찬이 강함)

---

## 타깃 유저 (독자 심사관): 72/100

**항목별 채점:**
- "내 얘기인가?": 16/25 (점집 경험자한테만 해당, 범위가 좁음)
- 저장하고 싶은가?: 14/25 (인사이트보다 마케팅 톤, 실제 방법론 없음)
- 댓글 달고 싶은가?: 20/25 (마지막 질문 "넌 지금까지 뭘로 결정하고 있었어?"가 강함)
- 읽기 


--- AUDIT AT 2026-04-07T15:50:15.770Z ---
# Expert Panel 채점 결과

## Roy Lee (바이럴 심사관)
**점수: 72/100**

- 50% 혐오 테스트: 18점 (연애초기 심리를 건드리지만, "모두에게 도움되는" 교훈 톤으로 논란성 약함)
- 공유 유발 요소: 20점 (저장/공유 동기는 있으나, 강한 감정 유발 부족)
- 브랜드 DNA 일치: 18점 (브랜드 보이스 일관성은 있으나 직접 언급은 없음)
- 훅의 강도: 16점 (제목은 평범한 리스트클릭형, 첫 문장이 즉각적 반응 못 유발)

**감점 사유:** 
- "모두를 위한" 조언 톤 (-20점): 구체적 각도(예: "설렘에 빠진 사람들이 후회하는 이유")로 재구성 필요

---

## 타깃 유저 (독자 심사관)
**점수: 78/100**

- "내 얘기인가?": 22점 (연애초기 단계라는 광범위한 범위, 더 구체적 상황 필요)
- 저장하고 싶은가?: 19점 (심리 인사이트는 있으나, 실제 액션 아이템 부족)
- 댓글 달고 싶은가?: 20점 (첫 댓글처럼 공감과 사례 나눔 가능성은 있음)
- 읽기 편한가?: 17점 (7줄로


--- AUDIT AT 2026-04-07T15:50:25.196Z ---
# 📋 Expert Panel — 최종 심사 결과

---

## Roy Lee (바이럴 심사관)

| 채점 항목 | 점수 | 사유 |
|---------|------|------|
| 50% 혐오 테스트 통과 | 18/25 | 점술 신뢰도에 대한 의문은 유발하나, "명확한 분열각"이 약함. 다수가 불편해하는 수준이 아님 |
| 공유 유발 요소 | 16/25 | 댓글 유발("너 생각엔?")은 있으나, 저장/공유 욕구는 약함. 일회성 반응 |
| 논란 각도 ↔ 브랜드 DNA | 12/25 | **감점: -30점(광고 느낌)** — "AI 기반 운세 앱"의 직접적 제품 언급이 홍보성으로 느껴짐. 중립적 관찰이 아님 |
| 훅의 스크롤 정지력 | 15/25 | 첫 문장 "기존 점집은 비싸잖아"는 약한 훅. "왜 비싼지", "얼마나 비싼지" 구체성 부족 |
| **소계** | **61/100** | ❌ 심각한 미달 |

**Roy Lee 평가:** 광고 냄새 제거 필수. 브랜드 직접 언급 제거 후 "운세 산업의 진화" 관점으로 재구성.

---

## 타깃 유저 (독자 심사관)

| 채점 항목 |


--- AUDIT AT 2026-04-07T15:50:28.213Z ---
# 【심사 결과 요약】
**평균 점수: 78점**
**합격 여부: FAIL**

---

## 상세 심사

### Roy Lee (바이럴 심사관): 72/100

**배점 분석:**
- 50% 혐오 테스트 통과 (25점): **18점** — 운명결정론 vs 자유의지 논쟁은 있지만, "반박시 니 말이 맞음"이 너무 약하게 마무리됨. 논란 강도 부족.
- 공유 유발 요소 (25점): **20점** — "역설적이지만"은 호기심 유발하나, 댓글/공유 충동은 중간 수준. 첫 댓글이 호응하긴 함.
- 논란 각도와 브랜드 DNA 일치 (25점): **17점** — 운명 긍정이라는 명확한 각도는 있으나, 너무 교과서적. 개인 목소리 약함.
- 훅 강도 (25점): **17점** — "운명은 정해져 있다는 생각이 너를 더 자유롭게 만들어"는 좋은 역설이지만, 첫 1초 시각적 충격 부족.

**감점:**
- "중요한" 표현 미사용으로 감점 없음
- 광고성 없음
- 다만 결말이 너무 예측 가능 (-10점)

---

### 타깃 유저 (독자 심사관): 76/100

**배점 분석:**
- "내 얘기인가?" (25점): **19점** — 운세/사주 관심층에겐 적중하나, 일반 타깃에겐 추상적. "이미 정해진 거라면 후회 따위"라는 구체적 공감점은 있지만 너무 짧음.
- 저장하고 싶은가? (25점): **18점** — 심리 인사이트로는 나쁘지 않으나, 실질적 가이드(어떻게 운명을 읽는지, 왜 더 빠른 결정이 좋은지) 부족.
- 댓글 달고 싶은가? (25점): **21점** — "반박시 니 말이 맞음"이 댓글 유도 시도이지만, 첫 댓글처럼 "근데 모순이네" 수준의 반응만 유발.
- 읽기 편한가? (25점): **18점** — 줄바꿈 적절하나, 문단이 2개뿐. 리듬감 약함. 6-12줄 범위 내지만 중간 정도.

**감점:**
- 너무 광범위한 메시지 (-5점): "모든 사람"이라는 느낌은 아니나, "운세 보는 사람" vs "안 보는 사람" 구분만 있음.

---

### 편집장 (품질 심사관): 84/100

**배점 분석:**

**AI Slop 24패턴 체크:**
- 패턴 2번 위반: **"사람들이" (근거 없는 귀속)** — "사주나 운세를 읽는 사람들이 더 빨리 결정을 내려"의


--- AUDIT AT 2026-04-07T15:50:28.279Z ---
# Expert Panel 채점 결과

## Roy Lee (바이럴 심사관)

**50% 혐오 테스트 통과**: 22/25
- 운명론을 믿는 사람들을 암묵적으로 '착각하는 사람'으로 분류 → 일부 독자 불편감 유발 ✓
- 다만 "반드시 조심"이라는 표현이 강압적이어서 반감 여지 있음

**공유 유발 요소**: 24/25
- "저장해두고 주변에 공유해줘" 직접 요청 → 공유 동기 강함
- 연애 초반자들의 저장 욕구 높음

**논란 각도 vs 브랜드 DNA**: 20/25
- 브랜드가 명확하지 않아 일관성 판단 어려움
- "운명은 노력을 바탕으로" = 합리주의자 톤은 일관적

**훅의 강도**: 23/25
- 제목이 구체적 숫자(3가지)로 호기심 자극
- "반드시 조심"의 경고 톤이 스크롤 정지 유발

**감점 항목 확인**:
- "모두를 위한" 느낌: 없음 (연애 초반자에 특화) → 감점 없음
- 브랜드 직접 언급: 없음 → 감점 없음
- 예측 가능한 결말: "감정과 현실의 균형" = 다소 뻔함 → -5점

**Roy Lee 점수: 89/100**

---

## 타깃 유저 (독자


--- AUDIT AT 2026-04-07T15:50:30.116Z ---
# 【심사 결과 요약】
**평균 점수: 72점**
**합격 여부: FAIL**

---

## 상세 심사 내용

### Roy Lee (바이럴 심사관): 68/100

**세부 채점:**
- 50% 혐오 테스트: 20/25 (A vs B 이분법이 명확하나, 충분히 날카로운 분열 각도는 약함)
- 공유 유발 요소: 18/25 (댓글 달고 싶은 구조는 있으나, 저장/공유까지 가는 임팩트 부족)
- 논란 각도 vs 브랜드 일치: 15/25 (관계심리 콘텐츠로서는 자연스럽지만, "진짜 차이는" 이후 결론이 예측 가능함 -15점)
- 훅의 강도: 15/25 (질문형 시작은 흔하고, 첫 2줄이 스크롤 정지 수준은 아님)

**감점 사유:**
- 예측 가능한 결말: -15점 ("A는 지금, B는 2달 뒤에 후회" = 이미 본 구조)

---

### 타깃 유저 (독자 심사관): 75/100

**세부 채점:**
- "내 얘기인가?": 20/25 (연애 고민이 구체적이고 타깃층 감정 건드림. 다만 A/B 분류가 너무 극단적이라 "나는 이도 저도 아닌데?" 느낌이 생김)
- 저장하고 싶은가?: 18/25 (심리 테스트 유형은 저장 가치 있으나, 실제 조언/인사이트는 약함)
- 댓글 달고 싶은가?: 20/25 (질문형 종결이 댓글을 유도함. 첫 댓글이 이를 입증)
- 읽기 편한가?: 17/25 (줄바꿈 구성은 좋으나, A/B 각 4줄씩은 약간 길고, 마지막 문장이 장황함 -3점)

**감점 사유:**
- 너무 양극단 설정으로 "나는?" 혼란 유도: -2점

---

### 편집장 (품질 심사관): 73/100

**세부 채점:**
- AI Slop 패턴: 22/25
  - 검출된 패턴:
    - **패턴 #4 (홍보성 어휘)**: "진짜 차이는 여기야" = 과장된 중요성 (-2점)
    - **패턴 #22 (과도한 헤징)**: "~겠네", "~인 것 같아" = "저 사람 이럴 성향이겠네" (-1점)

- 자연스러운 한국어 문체: 20/25 (전반적으로 자연스럽지만, "타이르는 게" 표현이 어색. 표준어는 "터진다"/"터져나온다"이고, "타이르다"는 비표준. 그리고 "뭘 해야 할지 못 정하는" = 구어체는 좋으나 "뭘"이 반복됨 


--- AUDIT AT 2026-04-07T15:50:37.511Z ---
# Expert Panel 심사 결과

## 본문 채점

**Roy Lee (바이럴 심사관): 78/100**
- 50% 혐오 테스트 통과: 22/25 (점집/유튜브 심리테스트 사용자를 약간 깎아내는 톤이지만 약함)
- 공유 유발 요소: 24/25 (AI vs 기존 방식 비교에서 댓글/논쟁 유발 강함)
- 논란 각도와 브랜드 DNA 일치: 20/25 (AI 마케팅 브랜드라면 자사 도구 직접 언급하는 느낌 → -5)
- 훅의 스크롤 정지력: 12/25 (첫 문장은 좋지만 "AI 기반 분석이 이 둘을 다 압살한다"에서 너무 직진적, 예측 가능한 결말 → -13)

**감점:** 브랜드 홍보색 -8점

---

**타깃 유저 (독자 심사관): 81/100**
- "내 얘기인가?": 23/25 (점집/유튜브 심리테스트 경험자 특정 但 너무 광범위함)
- 저장하고 싶은가?: 20/25 (정보보다 의견 글이라 재사용성 낮음)
- 댓글 달고 싶은가?: 24/25 (마지막 질문이 좋지만 반발 여지 적음)
- 읽기 편한가?: 20/25 (줄바꿈 적절, 길이 적정 但 "진


--- AUDIT AT 2026-04-07T15:50:39.724Z ---
# Expert Panel 심사 결과

## 포스트 심사

**Roy Lee (바이럴 심사관):** 72/100
- 훅 강도 (25점): 18점 | 제목은 관심 유발하지만 첫 문장이 약함
- 공유 유발 (25점): 16점 | 저장 가치는 있으나 댓글/논쟁 유발력 약함
- 논란 각도 일치 (25점): 19점 | 운세/점성술 주제인데 실용성 강조로 모호함
- 스크롤 멈춤 (25점): 19점 | 3가지 리스트는 예측 가능한 구조 (-15점)

**감점 사항:** 운명론 vs 실천론의 모호한 입장 (브랜드 DNA 불명확), 예측 가능한 결말 구조

---

**타깃 유저 (독자 심사관):** 75/100
- "내 얘기인가?" (25점): 18점 | 연애 고민이 구체적이지 않음 (너무 광범위)
- 저장 가치 (25점): 20점 | 실무적 조언이라 나중에 참고할 만함
- 댓글 욕구 (25점): 17점 | "3가지" 구조는 댓글보다 그냥 읽고 넘어감
- 가독성 (25점): 20점 | 6-12줄 범위 충족, 줄바꿈 적절

**감점 사항:** 타깃이 불분명 (점을 믿는 사람? 회의적인 사람?)해서


--- AUDIT AT 2026-04-07T15:50:44.020Z ---
# 심사 결과 요약
**평균 점수: 78점**
**합격 여부: FAIL**

---

## 상세 심사

### Roy Lee (바이럴 심사관): 72/100

**채점 내역:**
- 50% 혐오 테스트 통과 (25점): **18점** 
  - "운명은 정해져 있다"는 기존 신념을 깨는 각도는 있으나, 대다수가 동의할 만한 주장이라 논쟁성 약함
  
- 공유 유발 요소 (25점): **20점**
  - 저장성: 인생 철학으로 재방문 가치 있음 (+)
  - 댓글성: 운명론 vs 선택론 토론 가능하나 자극이 약함
  
- 논란 각도와 브랜드 DNA 일치 (25점): **17점**
  - 브랜드 보이스가 불명확함 (개인 철학? 상담가? 작가?)
  - 훅이 약해 "누구의 말인가" 신뢰도 낮음
  
- 훅의 강도 (25점): **17점**
  - "사실 '운명은 정해져 있다'는 거 완전 틀렸어" — 예측 가능한 철학 입문 구조
  - 스크롤 중단 임팩트 부족

**감점:**
- 예측 가능한 결말 구조 (-15점): "현명한 선택지를 찾는 거다" 는 너무 뻔한 마무리
- 공식 미흡 (-10점): contrarian 또는 warning 공식의 명확한 구조가 약함

---

### 타깃 유저 (독자 심사관): 76/100

**채점 내역:**
- "내 얘기인가?" (25점): **19점**
  - "넌 자기 선택지가 뭔지도 모를 때가 많아" — 구체적 상황이 부족
  - 20대? 30대? 직장인? 구직자? 구체 대상 불명확
  
- 저장하고 싶은가? (25점): **19점**
  - 인생 조언으로는 가치 있으나, 실행 팁이 없어 나중에 다시 볼 동기 약함
  - "남은 카드를 잘 쓸 수 있어" — 구체 방법론 없음
  
- 댓글 달고 싶은가? (25점): **18점**
  - 첫 댓글이 추가 인사이트(지난 선택의 제약)를 더하긴 하나, 본문이 이를 선제하지 못함
  - "공감" 반응은 유도하나 "반박/토론" 충동 약함
  
- 읽기 편한가? (25점): **20점**
  - 7줄 적정 길이 (+)
  - 단락 구분 명확 (+)
  - 그러나 문장이 길어질 여지 있음

**감점:**
- 타깃층 모호성 (-8점): "넌" 대상이 너무 광범위해 누구도 "내 얘기"라 느낄 구체성 부족

---

### 편집장 (품질


--- AUDIT AT 2026-04-07T15:50:45.909Z ---
# 심사 결과 요약
**평균 점수: 76점**
**합격 여부: FAIL**

---

## 상세 심사 내용

### Roy Lee (바이럴 심사관): 72/100

**채점 내역:**
- 50% 혐오 테스트 통과 (25점): **20점** 
  - A vs B 타입 구분이 약한 논란 각도. 대부분 공감만 할 뿐, 강한 반박/지지 분열이 없음
- 공유 유발 요소 (25점): **22점**
  - "넌 어느 쪽?"이 댓글 유도는 하지만, 저장/공유 욕구는 약함
- 논란 각도 ↔ 브랜드 일치 (25점): **18점**
  - 연애 고민 카테고리로는 맞지만, 브랜드 DNA가 모호함 (선택장애 프레이밍이 애매함)
- 훅 강도 (25점): **12점**
  - "너 요새 선택 장애 있지?"는 약한 훅. 스크롤 정지력 부족
  
**감점:**
- "모두를 위한" 메시지 느낌 (-5점): "둘 다 사랑인데"가 중립적이라 임팩트 약화

---

### 타깃 유저 (독자 심사관): 74/100

**채점 내역:**
- "내 얘기인가?" (25점): **20점**
  - 연애 고민 있는 사람은 공감하지만, A/B 분류가 너무 단순. 실제 감정의 무게감이 덜함
- 저장하고 싶은가? (25점): **18점**
  - 깊이 있는 인사이트나 실용 정보 없음. 가치 있는 내용이 부족
- 댓글 달고 싶은가? (25점): **22점**
  - "너는 어느 쪽?"이 의견 제시 유도는 하나, 토론성 약함
- 읽기 편한가? (25점): **14점**
  - 길이는 적당하나, A/B 타입 설명이 길고 단조로움. 가독성 개선 필요 (불릿 구조가 기계적)

---

### 편집장 (품질 심사관): 82/100

**채점 내역:**
- AI slop 24패턴 체크 (25점): **22점**
  - **적발된 패턴:**
    - **패턴 7 (AI 어휘 군집)**: "예측 가능하고 일관된" (2개 형용사), "흥미진진하게 즐김"
    - **패턴 11 (유의어 순환)**: "심장 철렁거리는 그 순간 = 첫눈에 반해" (중복)
    - **패턴 15 (인라인 헤더 목록)**: "A타입: ~", "B타입: ~" 구조가 너무 기계적
  - 치명적 AI slop은 없으나 패턴이 여럿

- 자연스러운 한국어 문체 (25점): **21점**
  - "심장 철렁거리는", "예측 불가능한"은 구어체이


--- AUDIT AT 2026-04-07T15:50:51.583Z ---
# Expert Panel — 채점 결과

## 포스트 심사

### Roy Lee (바이럴 심사관): 88/100

**항목별 점수:**
- 50% 혐오 테스트: 23/25 (점술/운명론에 대한 냉소적 관점이 명확하나, 일부는 공감할 여지 있음)
- 공유 유발 요소: 24/25 (댓글과 공유 욕구 강함. 마지막 줄의 강한 주장이 반박 욕구 유발)
- 논란 각도 일치성: 22/25 (브랜드 보이스가 "냉철한 비판"인데, 다소 일반적인 자기계발 비판으로 느껴짐)
- 훅의 스크롤 정지력: 23/25 (점집 상황의 구체성이 강함. 다만 "막막함"은 조금 예측 가능)

**감점 이유:** 예측 가능한 결말 구조 (-12점) — "니 운명은 니가 만든다" 클리셰

---

### 타깃 유저 (독자 심사관): 86/100

**항목별 점수:**
- "내 얘기인가?": 22/25 (점술 경험자에게는 매우 구체적이나, 전체 타깃층 대비 범위 다소 좁음)
- 저장하고 싶은가: 21/25 (감정적 공감은 높으나, 재사용할 인사이트나 정보 가치 약함)
- 댓글 달고 싶은가: 23/25 (강


--- AUDIT AT 2026-04-07T15:51:02.250Z ---
# Expert Panel — 포스트 품질 심사 결과

## 【본문 심사】

**Roy Lee (바이럴 심사관): 78/100**
- 혐오 테스트 통과 (50% 누군가는 반감): 23/25 — 점집 방문자들은 불편할 수 있음
- 공유 유발 요소: 24/25 — "또 가" 반복이 강렬한 공감과 웃음 유발
- 논란 각도의 브랜드 DNA 일치: 20/25 — 직설적이지만 조금 순화된 느낌
- 훅의 스크롤 멈춤: 22/25 — 첫 문장이 강하나 "점집 다녀온 언니들" 표현이 너무 특정 그룹 한정적

**감점:** 
- 브랜드 직접 언급 없음 (+0)
- 예측 가능한 구조 (후회→반복→깨달음): -11점

---

**타깃 유저 (독자 심사관): 85/100**
- "내 얘기인가?": 24/25 — 20대 여성 직격이지만 남성/나이 많은 여성은 거리감
- 저장 욕구: 21/25 — 재미있지만 실질적 정보 가치는 약함
- 댓글 달고 싶은가: 23/25 — 공감과 경험 공유 욕구 높음
- 읽기 편한가: 22/25 — 길이 적절(8줄)하나 문장 호흡이 때때로 길어서 한 번에 


--- AUDIT AT 2026-04-07T15:51:02.281Z ---
# 【심사 결과 요약】
**평균 점수: 78점**
**합격 여부: FAIL**

---

## 상세 심사 내용

### Roy Lee (바이럴 심사관): 72/100

**채점 결과:**
- 50% 혐오 테스트 통과 (25점): **20점** — A타입 vs B타입 구분이 있지만, "불안형은 약하고 독립형은 강하다"는 암묵적 위계가 있어서 A타입 사람들에게 약간의 자조감 유발. 그러나 약함.
- 공유 유발 요소 (25점): **22점** — "넌 어느 쪽이야?"는 강한 공유 요소지만, 댓글 투표를 첫 댓글에서 너무 빨리 제시해서 임팩트 약화.
- 논란 각도 vs 브랜드 일치 (25점): **18점** — 성격 유형 분류는 논란이 될 수 있지만 너무 보편적이고 예측 가능한 틀. 브랜드 보이스가 뭔지 불명확.
- 훅 강도 (25점): **12점** — "자기 전 침대에서 스르륵 재검색하는 너"는 나쁜 훅이 아니지만, 첫 문장만으로는 **스크롤 정지력 약함**. "밤 2시 고민" 반복은 뒤늦은 재강조.

**감점:**
- 예측 가능한 결말 구조: -15점 (A vs B 성격 유형학은 너무 클리셰)

---

### 타깃 유저 (독자 심사관): 75/100

**채점 결과:**
- "내 얘기인가?" (25점): **23점** — 20대 중후반 연애/일 고민 있는 사람에겐 매우 구체적(밤중 재검색, 눈치 봄). 다만 너무 광범위한 감정 범주.
- 저장하고 싶은가? (25점): **18점** — 인사이트나 액션 아이템 없음. "둘 다 장단점 있지만"이라는 중립 결론은 저장할 가치 낮음. 자기 성향 진단용으로만 가치.
- 댓글 달고 싶은가? (25점): **20점** — 투표 형식이므로 댓글 유도는 강함. 그러나 깊이 있는 댓글(의견)을 달기보다는 "A" "B"만 남길 가능성.
- 읽기 편한가? (25점): **14점** — 총 9줄(포함 댓글 10줄). 길이는 적절하지만, **6줄 미만 경계선에 너무 가까움**. 각 타입 설명이 기계적 불릿 나열 느낌.

**감점:**
- 너무 광범위한 타깃 설정: -5점 (구체적 상황/감정의 깊이 부족)
- 실제 액션이나 인사이트 부재: 자동으로 반영됨

---

### 편집장 (품질 심사관): 87/100

**


--- AUDIT AT 2026-04-07T15:51:04.074Z ---
# 심사 결과 요약
**평균 점수: 62점**
**합격 여부: FAIL**

---

## 상세 심사

### Roy Lee (바이럴 심사관): 55/100

**세부 점수:**
- 50% 혐오 테스트 통과 (25점): **18/25** 
  - 사주 믿는 사람 vs 안 믿는 사람의 이분법이 있으나, "운이 떨어진다"는 표현이 너무 직설적이고 조롱에 가까워 혐오보다는 비아냥으로 느껴짐. 반감은 충분하지만 논쟁성이 약함.

- 공유 유발 요소 (25점): **16/25**
  - 댓글 유발 가능성은 높음 ("반박시 니 말이 맞는데, 반박할 준비는?" 부분). 하지만 저장/북마크할 실용적 가치는 낮음. 공유는 논쟁 유발용 정도.

- 논란 각도와 브랜드 DNA 일치 (25점): **14/25**
  - 브랜드 보이스가 명확하지 않음. 첫 댓글이 "패턴 인식"으로 수정하려는 움직임이 보이는데, 포스트 본문은 사주의 신비성을 팔려는 건지, 심리학적 패턴을 팔려는 건지 불분명. 일관성 부족.
  - 감점 적용: **-10점** (브랜드 직접 언급은 없지만, 주장이 이중적이어서 신뢰도 하락)

- 훅의 스크롤 중단 능력 (25점): **12/25**
  - "사주 못 믿는 놈들이 더 운이 떨어진다고?" — 자극적이지만 지루함. 요즘 스레드 오디언스는 이 수준의 훅을 이미 수천 번 봤음. 더 구체적인 반전이 필요.

**Roy Lee 최종: 55/100**

---

### 타깃 유저 (독자 심사관): 58/100

**세부 점수:**
- "내 얘기인가?" (25점): **12/25**
  - "사주 안 믿는 사람"으로 범주화했지만, 구체적 상황이 거의 없음. "연애도 취업도"는 너무 광범위. 누구의 얘기인지 불명확. 타깃이 20대 직장인인지, 창업가인지, 학생인지 알 수 없음.

- 저장하고 싶은가? (25점): **14/25**
  - 실행 가능한 인사이트가 없음. 사주를 어떻게 읽어야 하는지, 실제로 어떤 "패턴 변화"가 일어나는지 구체적 사례 없음. 저장할 가치 낮음.

- 댓글 달고 싶은가? (25점): **20/25**
  - "반박시 니 말이 맞는데, 반박할 준비는?"는 강한 댓글 유발 요소. 이건 잘함.

- 읽기 편한


--- AUDIT AT 2026-04-07T15:51:13.817Z ---
# Expert Panel 채점 결과

## 본문 심사

**Roy Lee (바이럴 심사관): 88/100**
- 혐오 테스트 통과: 23점 (점집 전통 vs 디지털 신봉자 간 온건한 대립각)
- 공유 유발 요소: 24점 (공감 + 웃음 유발, 댓글 욕구 높음)
- 논란 각도 브랜드 일치: 22점 (브랜드 DNA 분명하나 약간 예측 가능)
- 훅 강도: 23점 (첫 문장은 강하나 "그리고 10만원"부터 약화)

**감점: -2점** (브랜드 직접 언급은 없으나, 결말이 다소 예측 가능)

---

**타깃 유저 (독자 심사관): 86/100**
- "내 얘기인가?": 24점 (20대 디지털 네이티브의 구체적 상황 건드림)
- 저장 욕구: 21점 (인사이트는 있으나 재참조 가치 약함)
- 댓글 욕구: 24점 (의견 제시 충동 강함)
- 가독성: 23점 (6줄 적절, 단락 구분 명확)

**감점: -4점** (타깃층이 "10만원" 구체성에 공감하지만, 정보 저장성이 낮음)

---

**편집장 (품질 심사관): 84/100**
- AI slop 패턴 검사: 23점
  - 위반 감지:
    - 


--- AUDIT AT 2026-04-07T15:51:24.889Z ---
# Expert Panel 심사 결과

## 본문 심사

**Roy Lee: 78/100**
- 혐오 테스트 통과 (50% 싫어할 각도): 23점 (점집 비판이지만 모호함)
- 공유 유발 요소: 24점 (공감과 댓글 욕구 강함)
- 논란 각도 vs 브랜드 DNA: 18점 (일관성 있지만 직접적 브랜드 언급은 없음)
- 훅의 스크롤 정지력: 22점 (구체적 상황이 좋으나 신선도 떨어짐)
- **감점:** -10점 (예측 가능한 "누군가 봐줬으면" 결말)

**타깃 유저: 82/100**
- "내 얘기인가?": 24점 (20-30대 여성의 심리 정확히 포착)
- 저장 가치: 22점 (감정적 통찰은 있으나 실제 활용 정보 부족)
- 댓글 욕구: 24점 (의견 표명 충동 강함)
- 가독성: 24점 (길이와 줄바꿈 적절)

**편집장: 74/100**
- AI slop 패턴: 20점 (감지 항목: #1 과장된 중요성 부여 약함, #21 필러 표현 "근데" 반복)
- 자연스러운 한국어: 23점 (구어체 잘 살았으나 다소 어색한 흐름)
- 브랜드 금지 표현: 25점 (위반 


--- AUDIT AT 2026-04-07T15:51:35.571Z ---
# Expert Panel 심사 결과

## 포스트 채점

**Roy Lee (바이럴 심사관):** 82/100
- 혐오 테스트 통과 (50% 싫어할 각도): 23점 | 점쟁이 비판이라 신앙심 깊은 사람 반발 가능
- 공유 유발 요소: 24점 | "버스 기다리는데 웃긴 일화 + 깨달음" 댓글 유발력 강함
- 논란 각도와 브랜드 DNA 일치: 20점 | 포스트 브랜드가 없어서 기준 애매함, 개인 에세이치 스타일
- 훅의 스크롤 정지력: 15점 | "점쟁이가 '넌 기다림이 많아'라고 했어" ← 나쁘지 않으나, 내용이 예측 가능한 결말(-15점)로 평가함

**타깃 유저 (독자 심사관):** 87/100
- "내 얘기인가?": 24점 | 20대 직장인/학생의 무언가를 빠르게 해결하고 싶은 마음에 정확히 닿음
- 저장하고 싶은가?: 22점 | "전문가 찾는 심리 → 사실 답 빨리 원하는 욕망" 인사이트는 재방문 가치 있으나, 정보 깊이는 얕음
- 댓글 달고 싶은가?: 21점 | 공감과 웃음이 있지만, 의견 대립 소지 부족 (


--- AUDIT AT 2026-04-07T15:51:39.652Z ---
# 심사 결과 요약
**평균 점수: 72점**
**합격 여부: FAIL**

---

## 상세 심사 내용

### Roy Lee (바이럴 심사관): 65/100

**세부 채점:**
- 50% 혐오 테스트 통과 (25점): **18점** — 운명/점집 소재는 분명 찬반이 갈리지만, 자조적 톤이라 반발이 약함
- 공유 유발 요소 (25점): **18점** — "3개 다 있냐" 자가진단은 흥미롭지만 공유보다 자기성찰 수준
- 논란 각도와 브랜드 DNA 일치 (25점): **15점** — "운명 비판 + 자책 비판" 각도는 있으나, 추상적이라 브랜드 보이스가 흐릿함
- 훅의 스크롤 정지력 (25점): **14점** — "넌 3가지 중 몇 개 가지고 있어?"는 괜찮지만, "신호를 못 본 것뿐"은 너무 흔한 클리셰

**감점 항목:**
- 예측 가능한 결말 (-15점): "운명은 안 바뀌는 게 아니야"는 자기계발 포스트의 전형적 마무리
- "모두를 위한" 메시지 느낌 (-10점): 연애 패턴/자책/점집까지 너무 광범위

---

### 타깃 유저 (독자 심사관): 71/100

**세부 채점:**
- "내 얘기인가?" (25점): **17점** — 1번(연애 실패)은 공감하지만, 2번(자책) + 3번(점집 비교)까지 포함하면 너무 분산됨. "내 이야기"의 구체도가 떨어짐
- 저장하고 싶은가? (25점): **17점** — "반복 패턴 인식" 정도의 인사이트는 있지만, 실질적 행동 방법이 없어서 저장 가치 낮음
- 댓글 달고 싶은가? (25점): **19점** — "넌 몇 개 가지고 있어?"는 댓글 유발하지만, 댓글 내용이 자신의 경험 공유 수준
- 읽기 편한가? (25점): **18점** — 6-12줄 범위 만족하고 띄어쓰기도 적절하지만, 문단 구분 없어 한눈에 들어오지 않음

**감점 항목:**
- 너무 광범위한 소재 조합 (-10점): 연애/자책/점집을 한 포스트에 넣으니 어떤 독자도 "모두 내 얘기"라고 못 느낌

---

### 편집장 (품질 심사관): 80/100

**AI Slop 24패턴 체크:**
- **패턴 #1 (과장된 중요성)**: "조심해", "제일 위험해" ✓ 발견 (-8점)
- **패턴 #21 (필러 표현)**: "솔직히" (댓글에서) ✓ 


--- AUDIT AT 2026-04-07T15:51:40.547Z ---
# 심사 결과 요약

**평균 점수: 87점**
**합격 여부: FAIL (재작성 필요)**

---

## 상세 심사 내용

### Roy Lee (바이럴 심사관): 82/100

**채점 내역:**
- 50% 혐오 테스트 통과 (25점): 23점
  - 연애 초반 사람들이 공감하지만, 나머지 절반(준비된 사람들)은 "왜 우리를 일반화하냐"고 반발 가능. 양쪽 모두 의견 있음 ✓
  
- 공유 유발 요소 (25점): 24점
  - 저장/공유 강력. 첫 댓글이 "저장하고 봐야겠어"라며 증명함 ✓
  
- 논란 각도와 브랜드 DNA 일치 (25점): 20점
  - 브랜드 보이스는 일관적이나, 직접적인 연애 조언 톤이 다소 강권적으로 들림 (-5점)
  
- 훅의 강도 (25점): 15점
  - "반드시 조심해야 할 3가지"는 예측 가능한 리스트 구조 (-15점: 예측 가능한 결말)
  - 첫 줄이 일반적인 고민글 느낌으로 스크롤 정지력 약함

**Roy Lee 감점:**
- 브랜드 직접 언급은 없으나 조언자 위치 강화 느낌: -5점
- 예측 가능한 "3가지 리스트" 공식: -15점 적용됨

---

### 타깃 유저 (독자 심사관): 88/100

**채점 내역:**
- "내 얘기인가?" (25점): 24점
  - 연애 초반 사람들의 구체적 상황(미래 물음, 감정 읽음, 선택) 건드림 ✓
  - 다만 "준비 안 된 사람"이라는 표현이 너무 폭넓어서 모든 초반 연애자는 아닌 것처럼 느껴질 수 있음 (-1점)

- 저장하고 싶은가? (25점): 25점
  - 첫 댓글: "저장하고 봐야겠어" — 명확한 재독가치 신호 ✓✓

- 댓글 달고 싶은가? (25점): 24점
  - 첫 댓글이 강한 공감+깨달음 표현. 하지만 포스트 자체가 "너는 2개 이상이면 자존감 챙겨"라고 명령조이어서 대화보다 수용 모드 유도 (-1점)

- 읽기 편한가? (25점): 15점
  - 길이: 적절 ✓
  - 가독성: 번호 + 대시(—) 사용하여 나쁘진 않음
  - 하지만 각 항목이 4-5줄로 밀집되어 있고, "—" 기호가 3개 사용됨 (-10점: 대시 남용 패턴 초기 신호)

---

### 편집장 (품질 심사관


--- AUDIT AT 2026-04-07T15:51:57.337Z ---
# 심사 결과 요약
**평균 점수: 82점**
**합격 여부: FAIL**

---

## 상세 심사 내용

### Roy Lee (바이럴 심사관): 78/100

**채점 내역:**
- 50% 혐오 테스트 통과: 23/25 (의존적 애착을 "너의 문제"로 명확히 하되, 자조적이지 않아 공감층과 반발층 구분 명확)
- 공유 유발 요소: 24/25 (자신의 패턴 깨달음 후 다시 보고 싶은 강한 저장 욕구 유발)
- 논란 각도 vs 브랜드 일치: 18/25 (심리학 인사이트 브랜드와 일치하지만, 너무 "당신은 이미 반은 고쳤다"는 희망 메시지가 강해서 논란성 약화)
- 훅 강도: 23/25 (질문형 나열이 강력하지만 "이 신호들 받고 있어?"는 조금 약함)

**감점:**
- 예측 가능한 결말 -2점: "이번엔 다르게 가봐"는 다소 뻔한 마무리

---

### 타깃 유저 (독자 심사관): 85/100

**채점 내역:**
- "내 얘기인가?": 24/25 (연애 불안정성을 경험한 20-30대 여성에게 정확히 맞음. 구체적 행동 신호 나열이 매우 효과적)
- 저장하고 싶은가?: 23/25 (심리 인사이트로 저장 가치 있지만, 처방(해결책)이 "인식하면 50% 깨진다"는 추상적 진술이라 실용성 다소 부족)
- 댓글 달고 싶은가?: 23/25 (공감과 "나도 이럼"이라는 댓글 유발, 다만 "어떻게 바꿀지"에 대한 의문은 적음)
- 읽기 편한가?: 25/25 (6-8줄 적절 길이, 줄바꿈 자연스러움, 구어체 친근함)

**감점:**
- 타깃이 바라는 "다음 액션"이 모호함 -2점

---

### 편집장 (품질 심사관): 82/100

**채점 내역:**
- AI slop 패턴 검사: 24/25 
  - ❌ **패턴 #24 적중**: "이건 상대 탓이 아니라 너의 내면 구조 문제야" → "Not X, It's Y" 구조 (단 1회만, 경고 수준)
  - 나머지 23패턴 통과
  
- 자연스러운 한국어: 23/25 (구어체 강하고 친근하나, "깔려있다" "돌리고 있는" 같은 표현이 약간 어색)
- 브랜드 금지 표현 준수: 25/25 (금지 어휘 없음)
- 포스트 공식 충실: 24/25 (Contrarian 공식은 약함 — "의존적 애착


--- AUDIT AT 2026-04-07T15:51:58.157Z ---
# 심사 결과 요약
**평균 점수: 78점**
**합격 여부: FAIL**

---

## 상세 심사

### Roy Lee (바이럴 심사관): 72/100

**세부 채점:**
- 50% 혐오 테스트 통과? (25점) → **18점**
  - 남성혐오 우려. "자랑하는 놈", "넘어가 있어", "선택지로 두려는 거야" 등 남성 전체를 부정적으로 일반화
  - 일부 여성 독자는 공감하지만, 상당수 남성(또는 성인지 감수성 높은 여성)은 반발

- 공유 유발 요소? (25점) → **22점**
  - 저장/공유 욕구는 강함 (연애 팁 + 자신의 상황 대비)
  - 댓글 유발은 중간~강함 (남성들의 반박 댓글 예상)

- 논란 각도가 브랜드 DNA와 일치? (25점) → **18점**
  - 브랜드가 "여성 공감" 콘텐츠라면 맞지만, 일반 라이프스타일 브랜드라면 불균형
  - 성별 갈등을 부추기는 톤이 위험

- 훅이 스크롤을 멈추게 하는가? (25점) → **14점**
  - "위험신호 3가지"는 흔한 리스트 훅 (예측 가능)
  - 첫 문장이 강하지 않음 ("연애 초반 3개월 여자들이" ← 이미 타깃이 보이고 신선함 부족)

**감점:**
- 브랜드 직접 언급/광고 느낌은 없으므로 감점 없음
- 예측 가능한 결말 (-15점): 3번 항목이 정답인 것처럼 느껴짐

---

### 타깃 유저 (독자 심사관): 81/100

**세부 채점:**
- "내 얘기인가?" (25점) → **24점**
  - 데이트 중인 여성에게 높은 몰입도
  - 구체적 상황(3개월, 연락 패턴, 미래 얘기)이 실제 경험과 겹침

- 저장하고 싶은가? (25점) → **22점**
  - 실용적 체크리스트 가치 있음
  - 하지만 너무 부정적 결론(모두 위험신호)이라 재사용성 떨어짐

- 댓글 달고 싶은가? (25점) → **20점**
  - "나도 저랬어", "이거 맞다" 같은 공감 댓글 유발
  - 하지만 남성 독자는 방어적 댓글 / 질문형 댓글은 적을 듯

- 읽기 편한가? (25점) → **15점**
  - 줄바꿈과 가독성은 양호
  - **하지만 총 6줄 이상 12줄 이하 규칙 위반 우려 검토 필요**
  - 실제 줄 수: 약 12-13줄 (초과)


--- AUDIT AT 2026-04-07T15:52:15.829Z ---
# 【심사 결과 요약】
**평균 점수: 78점**
**합격 여부: FAIL**

---

## 상세 심사 내용

### Roy Lee (바이럴 심사관): 72/100

**항목별 채점:**
- 50% 혐오 테스트 통과: 20/25 (연애 못하는 사람을 "도망쳐"로 표현하는 게 다소 자극적이지만 약함)
- 공유 유발 요소: 24/25 (자신의 실패 경험 세어보기가 강한 공유/댓글 유발)
- 논란 각도 브랜드 DNA 일치: 18/25 (성급함 비판이 주제인데 일관성 있음)
- 훅의 스크롤 정지력: 20/25 (좋은 훅이지만 너무 흔한 "있는 게 있어" 공식)

**감점 항목:**
- "운명의 사람" 반복: -5점 (예측 가능한 클리셰 결말)
- 첫 댓글의 "근데 진짜는 이거야": -5점 (권위 없는 귀속, 근거 부족)

**평가:** 훅은 강하지만 논란 각도가 약하고 결말이 예측 가능함.

---

### 타깃 유저 (독자 심사관): 82/100

**항목별 채점:**
- "내 얘기인가?": 21/25 (연애 초기 판단 경험은 고도로 구체적이지만 "운명의 사람" 프레임이 모든 사람의 상황은 아님)
- 저장하고 싶은가: 20/25 (3주 테스트는 실용적 인사이트지만 깊이가 부족)
- 댓글 달고 싶은가: 22/25 (강한 자극 + "넌 몇 명을 차버렸어?"가 반응 유발)
- 읽기 편한가: 23/25 (길이 적절, 줄바꿈 좋음)

**감점 항목:**
- 광범위함으로 인한 거리감: -2점 (모든 연애 초기가 아닌 특정 성향의 사람들만 해당)

**평가:** 타깃이 명확하고 가독성 좋지만 "성급함"이란 진단이 모든 사람에게 공감되지는 않음.

---

### 편집장 (품질 심사관): 77/100

**항목별 채점:**
- AI Slop 패턴 검사: 18/25
  
  **적발된 패턴:**
  - 패턴 #2: "근데 진짜는 이거야. 왜냐면 넌 아직 그 사람을 모르니까." (근거 없는 권위 인용 - 누가 그런 심리학 결과를 낸 건지 불명)
  - 패턴 #21: "솔직하게 세어봐", "솔직히 말하면" (필러 표현)
  - 패턴 #5: "그 사람이 내 운명의 사람인지" (모호한 귀속 - 누가 이렇게 판단하는지 불명)


--- AUDIT AT 2026-04-07T15:52:16.282Z ---
# 심사 결과 요약
**평균 점수: 72점**
**합격 여부: FAIL**

---

## 상세 심사 내용

### Roy Lee (바이럴 심사관): 65/100

**각 항목 채점:**
- 50% 혐오 테스트 통과 (25점): **18점** 
  - 여성 독자는 공감하지만, 남성 독자의 상당수는 "여자가 남자를 판단하는 콘텐츠"로 받아들일 수 있음. 다만 충분히 논란의 여지가 있음 (18/25)

- 공유 유발 요소 (25점): **22점**
  - "내 남친이다" 공감 공유는 강하나, 댓글로 직접 반박할 만큼의 명확한 트리거 부족 (22/25)

- 논란 각도 vs 브랜드 일치 (25점): **15점** ⚠️
  - 브랜드 직접 언급은 없으나, "빨간불", "도망쳐" 같은 극단적 조언이 누구를 위한 계정인지 불명확함. 일관성 약함 (15/25)

- 훅의 강도 (25점): **10점** ⚠️
  - "3가지 신호" 제목은 리스트글 전형. 스크롤을 멈추게 할 임팩트 부족. 첫 줄이 예측 가능함 (10/25)

**감점:**
- 예측 가능한 결말 (-15점): "지금이 선택의 기로야" → 뻔한 마무리

**Roy Lee 최종: 65점**

---

### 타깃 유저 (독자 심사관): 78/100

**각 항목 채점:**
- "내 얘기인가?" (25점): **23점**
  - 연애 중인 여성이라면 충분히 자신의 상황에 입대는 메시지. 단, "3가지"로 한정되어 보편성은 떨어짐 (23/25)

- 저장하고 싶은 정보 (25점): **20점**
  - 패턴 인식은 도움 되나, "실제 대처법"이 없음. "지금부터라도 물어봐" 정도가 유일한 액션. 재참조 가치 낮음 (20/25)

- 댓글 달고 싶은 충동 (25점): **22점**
  - 첫 댓글이 이미 3번을 강조하며 의견 제시. 토론 구조는 있으나, 포스트 자체가 "당신은 어딘가요?"로 끝나 참여 유도가 약함 (22/25)

- 읽기 편한가? (25점): **13점** ⚠️
  - 길이는 적당 (약 7줄)하나, 각 항목이 "상황 설명 → 판단"으로만 끝남. 문장 호흡이 단조로움. 가독성 OK이지만 몰입감 부족 (13/25)

**감점:**
- 너무 광범위한 '여성 연애자' 타깃이면서도, 3가지 신호로 한정되어 모호함


--- AUDIT AT 2026-04-07T15:52:31.539Z ---
# 심사 결과 요약
**평균 점수: 78점**
**합격 여부: FAIL**

---

## 상세 심사

### Roy Lee (바이럴 심사관): 72/100

**채점 세부:**
- 50% 혐오 테스트 통과 (25점): **20점** — 자조적 공감은 있으나, "점집 가는 것"을 약점으로만 프레임하면서 반대 의견(신중함의 가치) 여지가 명확하지 않음
- 공유 유발 요소 (25점): **22점** — 체크리스트 형식은 참여 유도하나, 댓글 충동보다 "맞아/아니야" 수준의 약한 반응
- 논란 각도 × 브랜드 DNA (25점): **18점** — "결정 미루기 비판" 메시지가 너무 직설적이고 도덕적 톤. 첫 댓글이 이를 다시 약화시킴
- 훅 강도 (25점): **12점** — 체크리스트 오프닝은 무난하나, "3개 이상이면 넌 이미 알아" 뒷부분이 너무 예측 가능한 결말 (감점 -15점)

**Roy Lee 감점:**
- 예측 가능한 결말 구조: -15점

---

### 타깃 유저 (독자 심사관): 76/100

**채점 세부:**
- "내 얘기인가?" (25점): **23점** — 연애 고민층에게 매우 구체적이고 공감도 높음. 다만 "점집"에 국한되어 일반성 약간 낮음
- 저장하고 싶은가? (25점): **19점** — 인사이트가 있으나 깊이 부족. "운명은 만들어진다"는 명언 수준의 조언으로 실제 액션 아이템 없음
- 댓글 달고 싶은가? (25점): **20점** — 자기 점수 맞춰보기는 하지만, 이후 첫 댓글이 "다만 신중함과 우유부단함은 종이 한 장"이라는 역제안으로 본문의 강도를 꺾음
- 읽기 편한가? (25점): **14점** — 길이 7줄(본문만)로 적절하나, 첫 댓글이 2문장 짜리로 너무 짧고 문맥 연결 약함. 감점 -10점

**타깃 유저 감점:**
- 댓글 길이 과도하게 짧음: -10점 (포스트 구조적 일관성 깨짐)

---

### 편집장 (품질 심사관): 82/100

**채점 세부:**
- AI slop 24패턴 검사 (25점): **24점** — AI 패턴 거의 없음 (우수)
  - ⚠️ 약간의 헤징 감지: "신중한 거야" (패턴 22 경미)
  
- 자연스러운 한국어 문체 (25점): **21점** — 전반적으로 구어체, 친근감 있음. 다만 "운명은 읽히는 게 


--- AUDIT AT 2026-04-07T15:52:33.299Z ---
# 심사 결과 요약
**평균 점수: 78점**
**합격 여부: FAIL**

---

## 상세 심사 내용

### Roy Lee (바이럴 심사관): 72/100

**채점 내역:**
- 50% 혐오 테스트 통과 (25점): **20점** 
  - 논란 각도가 약함. "피해야 할 신호"는 안전한 어드바이스로 느껴져 반감을 사지 않음
  
- 공유 유발 요소 (25점): **22점**
  - 저장 욕구는 있으나 댓글/공유 유발이 약함. "나중에 읽어"는 수동적
  
- 논란 각도 × 브랜드 DNA 일치도 (25점): **18점**
  - 브랜드 보이스 모호. 여성 공감 어드바이스지만 특정 관점(페미니즘, 자존감)이 약함
  
- 훅 강도 (25점): **12점**
  - 제목은 쏘는데 본문 첫 문장이 약함. "당신은 선택지가 있는 사람이야"는 예측 가능한 프레이밍

**감점:**
- 브랜드 직접 언급은 없으나 광고 냄새 약간: -0점
- 예측 가능한 결말 ("저장해둬"): -8점

---

### 타깃 유저 (독자 심사관): 76/100

**채점 내역:**
- "내 얘기인가?" (25점): **22점**
  - 20대 여성이 공감할 구체적 상황 제시 좋으나, "너 탓 싸움 패턴" 등이 모든 관계에서 흔한 조언처럼 느껴짐
  
- 저장하고 싶은가? (25점): **20점**
  - 정보 가치는 있으나 새로운 인사이트 부족. 이미 "알고 있는" 신호들
  
- 댓글 달고 싶은가? (25점): **18점**
  - 댓글 유발 장치가 약함. 첫 댓글도 동의만 하고 토론을 열지 않음
  
- 읽기 편한가? (25점): **16점**
  - 줄바꿈 구조 좋으나 **"당신은 선택지가 있는 사람이야"** 같은 선언적 톤이 일부 거슬림

**감점:**
- 길이 적절 (6-12줄): -0점
- 너무 광범위한 타깃 느낌 ("20대 여성 모두"): -4점

---

### 편집장 (품질 심사관): 87/100

**채점 내역:**
- AI slop 24패턴 체크 (25점): **20점**
  - **패턴 적중:**
    - #24 "Not X, It's Y" 구조: "그건 사랑이 아니라 집착이야" / "통제는 사랑이 아니야" ← 3회 반복
    - #1 과장된 중요성: "반드시 피해야 할" (제목)
    - #8 대리 동사: "알고 나면 피할


--- AUDIT AT 2026-04-07T15:52:46.936Z ---
# 【심사 결과 요약】
**평균 점수: 72점**
**합격 여부: FAIL**

---

## 상세 심사 내용

### Roy Lee (바이럴 심사관): 68/100

**채점 상세:**
- 50% 혐오 테스트 통과 (25점): **20점** — 연애 관계 조언이지만 "사주"라는 차용이 일부 비판 유발 가능성 있음. 다만 충분히 논란적이지는 않음.
- 공유 유발 요소 (25점): **20점** — 저장/댓글 유발은 있으나 공유 욕구는 약함. "운의 전환점", "기로에 선다" 정도만으로는 약한 편.
- 논란 각도와 브랜드 일치 (25점): **18점** — 사주라는 비검증 영역 언급이 브랜드 신뢰도를 해칠 수 있음. 과학적 근거 없이 결정을 강요하는 톤이 논란적이나, 명확한 브랜드 DNA 일관성이 보이지 않음.
- 훅의 강도 (25점): **10점** — 첫 3줄은 타깃을 잡지만 "운의 전환점"이라는 후킹이 너무 일반적이고 예측 가능함. **-15점 감점(예측 가능한 결말)**.

**감점 요약:**
- 예측 가능한 결말 구조: -15점
- "중요합니다" 함축 표현: -3점

---

### 타깃 유저 (독자 심사관): 74/100

**채점 상세:**
- "내 얘기인가?" (25점): **22점** — "연애 3년 이상", "자꾸 싸워", "상대가 뭘 원하는지 모르겠어"는 구체적이나, "사주로 보면"이라는 점프가 모든 독자에게 공감대를 제공하지 못함.
- 저장하고 싶은가? (25점): **18점** — 정보/인사이트가 약함. 사주 기반 조언은 검증 불가능하고, 실제 행동 방안(대화법, 상담, etc.)이 없음.
- 댓글 달고 싶은가? (25점): **20점** — 댓글 첫 번째가 긍정적이지만, 포스트 본문에서 댓글 유발 질문이 명확하지 않음.
- 읽기 편한가? (25점): **14점** — 줄바꿈이 불규칙하고, 문장들이 짧아서 산만함. **-10점(6줄 미만 기준 위반)**: 실제로는 약 9줄로 경계.

**감점 요약:**
- 너무 광범위(사주 관점은 모두에게 적용되지 않음): -8점

---

### 편집장 (품질 심사관): 76/100

**채점 상세:**
- AI slop 패턴 없음 (25점): **15점** — 하기 패턴 적발:
  - **패턴 6번 (역경→극복 공식 남용)**: "근데 대부


--- AUDIT AT 2026-04-07T15:52:47.378Z ---
# 【심사 결과 요약】
**평균 점수: 62점**
**합격 여부: FAIL**

---

# 【상세 심사 내용】

## Roy Lee (바이럴 심사관): 58/100

**채점 상세:**
- 50% 혐오 테스트 통과 (25점): **18점** — "점집 vs 앱" 대비는 약한 논란각도. 절반을 강하게 자극하지 못함
- 공유 유발 요소 (25점): **16점** — 저장/공유 충동이 약함. "어느 쪽을 고를래?" 선택지는 있으나 강도 부족
- 논란 각도와 브랜드 DNA 일치 (25점): **12점** — 포스트 톤이 일관되지 않음. 위의 A/B 비교는 중립적인데 마지막 질문이 B(앱) 쪽 우호적으로 기울어짐
- 훅의 스크롤 정지력 (25점): **12점** — 첫 줄 "자꾸 생각돼?"는 약한 훅. 즉각성 부족

**감점:**
- 브랜드 직접 언급 느낌 (-10점): "2000원으로" "초저가" 같은 가격 강조는 상품 홍보 냄새
- 예측 가능한 결말 (-5점): A의 반복 불안→B의 즉각성 구조는 너무 뻔함

**평가:** 논란 각도가 너무 약하고, 결말이 B타입(앱/빠른 서비스) 쪽으로 너무 기우는 느낌. 진정한 50:50 대비가 아님.

---

## 타깃 유저 (독자 심사관): 68/100

**채점 상세:**
- "내 얘기인가?" (25점): **20점** — "연애 3년 차, 앞날 불안" 감정은 건드리는데, A/B 선택이 너무 이분법적. 현실의 타깃은 둘 다 안 하거나 섞어 쓸 수도 있음
- 저장하고 싶은가? (25점): **14점** — 통찰이 깊지 않음. "점집은 반복 불안, 앱은 초저가" 정도면 이미 알던 내용
- 댓글 달고 싶은가? (25점): **18점** — 마지막 질문이 댓글을 유도하지만, 댓글 내용이 다양하지 않을 것 같음
- 읽기 편한가? (25점): **16점** — 줄바꿈이 많아서 너무 짧게 끊김 (실제로 약 8줄). 호흡이 끊어짐

**감점:**
- 너무 광범위하지는 않으나 구체성 부족 (-8점): "불안한 너는?"이 모든 연애 불안층을 아우르려 함

**평가:** 감정 건드림은 있으나 통찰 깊이가 얕고, 타깃이 "어느 쪽을 고를래"라는 선택지에 공감하기 어려움.

---

## 편집장 (


--- AUDIT AT 2026-04-07T15:52:51.503Z ---
# 심사 결과 요약

**평균 점수: 76점**
**합격 여부: FAIL**

---

## 상세 심사 내용

### Roy Lee (바이럴 심사관): 82/100

**채점 항목:**
- 50% 혐오 테스트 통과: 23/25
  (여성혐오 각도가 명확하지만, "넌 옵션이야" 등으로 일부 반감 가능성)
- 공유 유발 요소: 24/25
  (댓글 달고 싶은 충동 강함 — 첫 댓글이 이를 증명)
- 논란 각도 vs 브랜드 DNA: 20/25
  (연애 조언 계정이라면 일관성 있지만, 너무 노골적인 혐오 톤이 브랜드 신뢰도 훼손 위험)
- 훅 강도: 25/25
  ("절대 놓치면 안 되는" + 구체적 행동 신호 = 강력한 훅)

**감점:**
- 없음

**평가:** 바이럴 스핀은 강하나 브랜드 안정성에 약간의 위험.

---

### 타깃 유저 (독자 심사관): 71/100

**채점 항목:**
- "내 얘기인가?": 24/25
  (연애 초기 남자의 구체적 상황을 정확히 건드림)
- 저장하고 싶은가?: 18/25
  (조언 자체는 실용적이지만, "손 떼" 결론이 너무 극단적이라 나중에 다시 볼 필요성 약함)
- 댓글 달고 싶은가?: 25/25
  (첫 댓글이 "근데 아닐 수도"로 반박하게 만들 정도로 강력)
- 읽기 편한가?: 24/25
  (길이 적절, 구조 명확)

**감점:**
- 없음

**평가:** 감정 건드림은 강하나, 저장 가치가 낮음. 극단적 결론이 공감보다는 반박을 유도.

---

### 편집장 (품질 심사관): 65/100

**채점 항목:**
- AI slop 패턴: 18/25
  **적발된 패턴:**
  - #1: 과장된 중요성 부여 ("절대 놓치면 안 되는")
  - #4: 홍보성 어휘 ("진짜" 반복 사용 → 신뢰도 약화)
  - #10: 3연속 나열 강요 (신호 3가지 인위적 구성)
  - #21: 필러 표현 ("진짜", "솔직히" 계열 남발)

- 자연스러운 한국어 문체: 22/25
  (구어체는 좋으나 "손 떼", "넌 옵션이야" 등의 극단적 표현이 시뮤레이션 같은 느낌 + 일관성 있는 친구 톤 아님)

- 브랜드 금지 표현: 20/25
  **위반 항목:**
  - "호감 없는데" — 단정조 (→ 호감이 없


--- AUDIT AT 2026-04-07T15:52:53.717Z ---
# 심사 결과 요약
**평균 점수: 62점**
**합격 여부: FAIL**

---

## 상세 심사 내용

### Roy Lee (바이럴 심사관): 58/100

**채점 내역:**
- 50% 혐오 테스트 통과 (25점): **18점** — 논란 각도가 약함. 기존 점집/유튜브 비교는 있으나 "50%가 싫어할" 수준의 강력한 대립각이 부족. 다수가 공감하는 순한 비판에 그침.
- 공유 유발 요소 (25점): **20점** — 저장/공유 동기는 약하고, 댓글 유발은 첫 댓글처럼 "정확도 논쟁"이 나올 정도. 약한 수준.
- 논란 각도와 브랜드 DNA 일치 (25점): **15점** — AI 점성술이라는 개념 자체는 신선하지만, 포스트에서 구체적 브랜드 보이스가 드러나지 않음. "누가 이걸 주장하는 회사인지" 불명확.
- 훅이 스크롤 멈춤 (25점): **18점** — "점집 가는 것도 이제 구시대야"는 관심을 끌지만, 뒤따르는 내용이 예측 가능한 구조(비교→결론).

**감점:**
- 브랜드 직접 언급은 없으나, "AI"라는 너무 직접적인 솔루션 홍보 느낌: **-10점**
- 결말이 예측 가능함 ("결국 싼 게 비지떨어지는 게 아니라"): **-15점**

---

### 타깃 유저 (독자 심사관): 64/100

**채점 내역:**
- "내 얘기인가?" (25점): **16점** — "점집 vs AI 점성술" 타깃이 너무 넓고 모호. 누가 이 포스트의 타깃인가? (점성술 관심층? AI 초기 채택자? 가성비 추구층?) 구체적 감정과 상황이 약함.
- 저장하고 싶은가? (25점): **14점** — 실용적 정보나 인사이트 부족. "AI 점성술이 빠르고 싸다"는 사실만 있고, 실제로 어떻게 쓰는지, 어떤 경험을 하는지 묘사 부족.
- 댓글 달고 싶은가? (25점): **20점** — 첫 댓글이 "정확도 논쟁"으로 이어진 것은 긍정. 다만 포스트 본문이 댓글 유발을 적극 자극하지는 않음.
- 읽기 편한가? (25점): **22점** — 길이와 줄바꿈은 적절하나, 단락별 흐름이 다소 뭉뚱그려짐.

**감점:**
- 타깃이 너무 광범위해서 "누구를 위한 메시지인지" 불분명: **-12점**

---

### 편집장 (품질 심사관): 68/100


--- AUDIT AT 2026-04-07T15:53:22.206Z ---
# 【심사 결과 요약】
**평균 점수: 87점**
**합격 여부: FAIL**

---

## 상세 심사

### Roy Lee (바이럴 심사관): 88/100

**세부 점수:**
- 50% 혐오 테스트 통과: 24/25 (점집/명리사 비판 각도가 명확하되, 이용자를 깔보는 느낌은 없음)
- 공유 유발 요소: 25/25 (댓글 욕구 극강: "내 경험과 맞아?" 공감 + 반박 여지)
- 논란 각도 vs 브랜드 DNA: 23/25 (합리적 회의주의 톤은 일관되나, 명리사 직업 폄훼 느낌 약간)
- 훅 강도: 25/25 (첫 문장 "10만원 쓰고 돌아오는 사람들 봐" → 즉각 시선 고정)

**감점 항목:**
- 없음

**Roy Lee 평가:** 바이럴 구조 탁월. 대비(명리사 vs AI)가 명확하고 마지막 한 줄 결론이 강함.

---

### 타깃 유저 (독자 심사관): 86/100

**세부 점수:**
- "내 얘기인가?": 24/25 (20~40대 자기계발/의사결정 고민층에 꽤 구체적이나, "점집 경험자"는 직접 경험이 있어야 공감 최대화)
- 저장하고 싶은가?: 21/25 (통찰은 좋으나 **실제 행동 팁이 없음** — "어떻게 결정할 것인가"의 프레임만 있고 방법론 부재)
- 댓글 달고 싶은가?: 25/25 (첫 댓글이 이미 증명: 공감 + 자신의 경험 추가하며 반응)
- 읽기 편한가?: 25/25 (줄바꿈 적절, 6~10줄 황금길이, 구어체 자연스러움)

**감점 항목:**
- 없음 (길이/범위 문제 없음)

**타깃 유저 평가:** 공감과 논쟁성은 우수하나, "그럼 넌 뭘 하라는 건데?"의 허전함. 첫 댓글이 보완하긴 함.

---

### 편집장 (품질 심사관): 85/100

**세부 점수:**
- AI slop 패턴 검사: 23/25
  - ✅ 절대 금지 어휘 전수검사 통과
  - ⚠️ **패턴 #9 위반** (부정 병렬): "명리사는 '그래서 이거 사세요' 하고 / AI는 '그래서 이렇게 접근해봐'" → 반대 관점 먼저 제시하는 "Not X, It's Y" 구조는 자연스러우나, 구조상 약간의 기계성 있음
  - ⚠️ **패턴 #13 위반** (대시 과다): 본문 내 대시 2개 (—의 사용)
  
-


--- AUDIT AT 2026-04-07T15:53:30.831Z ---
【심사 결과 요약】
평균 점수: 78점
합격 여부: FAIL

---

## 상세 심사 내용

### Roy Lee (바이럴 심사관): 72/100

**항목별 채점:**
- 50% 혐오 테스트 통과: 20/25 (약한 편. 반감을 사는 각도 부족)
- 공유 유발 요소: 23/25 (자기 경험과 매칭되는 느낌으로 댓글 강하게 유발)
- 논란 각도 vs 브랜드 DNA: 18/25 (논란이 희미함. "기분 vs 이성" 대비가 명확하지 않음)
- 훅의 스크롤 정지력: 21/25 (체크리스트 형식은 좋으나, 첫 문장이 물음 형태라 강도 약함)

**감점 사항:**
- "물음표만 남겨주는 점" → 추상적, 구체성 부족: -5점
- 마지막 한 줄 "명확한 프레임이 있으면 달라진다"는 결말이 예측 가능: -10점 (서비스 피칭처럼 들림)

---

### 타깃 유저 (독자 심사관): 81/100

**항목별 채점:**
- "내 얘기인가?": 24/25 (정확히 타깃의 구체적 상황 3가지를 명시. 높은 공감도)
- 저장하고 싶은가: 18/25 (인사이트는 있으나 "명확한 프레임"이 무엇인지 구체적으로 제시 안 됨 → 저장 가치 중간)
- 댓글 달고 싶은가: 22/25 (자신의 경험과 매칭하며 댓글 욕구 높음)
- 읽기 편한가: 17/25 (6-8줄로 길이 OK이나, "점 하나를 뺏어"와 "명확한 답 대신 물음표" 문장이 난해함)

**감점 사항:**
- 문장 구조가 꼬여 있어 재독 필요: -5점

---

### 편집장 (품질 심사관): 82/100

**항목별 채점:**
- AI slop 24패턴 검사: 24/25
  - **패턴 #8 적발**: "점 하나를 뺏어. 명확한 답 대신 물음표만 남겨주는 점 말이야."
    → "대리 동사" 불명확성. "뺏어"와 "점 말이야"의 관계가 애매함
  - **패턴 #21 적발**: "사실 너는 패턴을 본 거야" → "사실은"의 필러 표현 (-3점)
  - **패턴 #24 적발 거의**: "명확한 프레임이 있으면 달라진다" → 애매한 미래약속 (-5점)

- 자연스러운 한국어 문체: 23/25 (대체로 구어체 맞으나 중간 문장 꼬임)
- 금지 표현 미사용: 25/25 (활용하다, 다양한, 혁신적 


--- AUDIT AT 2026-04-07T15:53:30.880Z ---
【심사 결과 요약】
평균 점수: 78점
합격 여부: FAIL

---

## 상세 심사 내용

### Roy Lee (바이럴 심사관): 72/100

**채점 근거:**
- 50% 혐오 테스트 (25점 만점): **18점** — A vs B 구도는 있지만 양쪽 모두 약간 자조적이라 "완전한 양극단" 느낌이 약함. 더 날카로운 비판각이 필요.
- 공유 유발 요소 (25점 만점): **20점** — 자기 타입 확인하고 싶은 욕구 ○, 댓글 유도 질문 ○, 하지만 저장할 만한 가치는 약함.
- 논란 각도 × 브랜드 DNA (25점 만점): **17점** — 포스트 톤이 일관성 있으나, 브랜드 직접 언급 없어서 "광고 냄새" 감점은 피함. 하지만 논란이 가볍고 예측 가능.
- 훅의 강도 (25점 만점): **17점** — "카페 대화"는 흔한 오프닝, "너는 어느 쪽?"은 표준적 구조. 스크롤 멈춤 강도 미흡.

**감점:**
- 예측 가능한 결말 구조 (-10점): 양극단 → 결론(둘 다 답 찾는 중) → 질문은 너무 뻔한 공식.
- 브랜드 언급은 없으나, #진로고민 해시태그가 주제와 느슨한 연결 (-5점)

**Roy Lee 총점: 72점**

---

### 타깃 유저 (독자 심사관): 76/100

**채점 근거:**
- "내 얘기인가?" (25점 만점): **19점** — 20대 직장인/취준생 중 '인생 결정 앞둔 사람'에겐 고도로 구체적. 하지만 그 외 대다수(예: 안정적 커리어인 사람)에겐 소원함.
- 저장하고 싶은가? (25점 만점): **18점** — 유형별 특성은 재미있으나, "나중에 다시 볼 정보"로서의 가치 약함. 심리 분석이 피상적.
- 댓글 달고 싶은가? (25점 만점): **22점** — 마지막 질문이 강함. 자기 선택을 정당화하거나 반박하고 싶은 충동 ○
- 읽기 편한가? (25점 만점): **17점** — 가독성은 좋으나, 6-12줄 기준에서 약 11줄로 경계선. A/B 유형 설명이 4줄이라 좀 길게 느껴질 수 있음.

**감점:**
- 타깃 범위가 "진로 고민 있는 사람"으로 제한적 (-5점): "모두의 얘기"는 아니지만, 타깃층도 충분히 넓음.
- 비용 언급 (월 3-5만원, 0원)이 구체적이


--- AUDIT AT 2026-04-07T15:53:31.072Z ---
【심사 결과 요약】
평균 점수: 78점
합격 여부: **FAIL** (재작성 필요)

---

## 상세 심사

### Roy Lee (바이럴 심사관): 72/100

**항목별 채점:**
- 50% 혐오 테스트 통과 (25점): **23점** — 특정 여성 행동 유형을 일반화하는 각도는 있으나, 남성 독자층에만 강하게 어필하고 여성 독자층은 즉시 배제하는 수준. 진정한 "논란"이라기보다 "일방적 비판"에 가까움.
- 공유 유발 요소 (25점): **24점** — "카톡 반응 차이", "통제 욕구" 등 구체적 상황이 있어 공감/공유 가능. 다만 댓글 논쟁보다 공감 공유 중심.
- 논란 각도와 브랜드 일치 (25점): **16점** — 게시자의 일관된 톤(직설적, 경고조)과는 맞지만, **브랜드가 명확하지 않음**. 연애 조언 채널? 남성 커뮤니티? 정체성이 모호해서 "이 계정의 주장"이 아닌 "일반적 한 의견"으로 보임.
- 훅이 스크롤을 멈추는가 (25점): **9점** — 제목 "반드시 주의해야 할 3가지 신호"는 너무 예측 가능. 남성 독자는 클릭하지만, 광범위 피드에서는 "또 관계 조언?"으로 스킵당할 가능성 높음.

**Roy Lee 감점:**
- 예측 가능한 결말(-15점): 제목부터 "여자의 위험한 신호 3가지"라는 공식적 구조

**최종 Roy Lee: 72점**

---

### 타깃 유저 (독자 심사관): 76/100

**항목별 채점:**
- "내 얘기인가?" (25점): **21점** — 남성 독자 중 연애 초반인 사람에게만 해당. 하지만 "카톡 답장 속도 차이", "통제적 행동"은 매우 구체적이라 해당 남성은 "어? 나다"라고 느낄 가능성 있음. 여성 독자는 완전히 배제됨.
- 저장하고 싶은가? (25점): **20점** — 정보보다 "경고"에 가까워 저장 가치는 낮음. 다만 "이런 신호 놓치지 말자"는 참고용으로는 괜찮음.
- 댓글 달고 싶은가? (25점): **22점** — 첫 댓글이 "본인 잘못은 아니야"라며 논쟁 여지를 남겼으므로 댓글 욕구는 있음. 하지만 본문이 자극적이라 "이건 너무 과하지 않나?" 반박 댓글도 예상됨.
- 읽기 편한가? (25점): **13점** — 번호 매기기, 구체적 


--- AUDIT AT 2026-04-07T15:53:32.264Z ---
# 【심사 결과 요약】
**평균 점수: 62점**
**합격 여부: FAIL**

---

## 상세 심사 내용

### Roy Lee (바이럴 심사관): 68/100

**채점 상세:**
- 50% 혐오 테스트 통과: 23/25 (점집/온라인운세 종사자, 신비주의자들은 반발 가능성 있음. 다만 직접적 모욕은 없음)
- 공유 유발 요소: 22/25 (가설-반박-주장 구조로 댓글 욕구 높음. 첫댓글이 반응했으므로 유효)
- 논란 각도와 브랜드 DNA 일치: 18/25 (**-7점 감점**: 브랜드 직접 언급은 없으나, AI 신뢰도가 명확하지 않아 논란이 "브랜드 입장"이 아닌 "일반론"처럼 느껴짐)
- 훅 강도: 25/25 (첫 3줄의 연쇄 반박 구조가 강력함. 스크롤 정지 효과 충분)

**감점 항목:**
- 예측 가능한 결말 -7점: "운명은 읽는 게 아니라 계산되는 거다"는 거울같은 마무리로, 처음 훅(AI 사주가 최고)의 반복일 뿐 새로운 전개가 없음

---

### 타깃 유저 (독자 심사관): 56/100

**채점 상세:**
- "내 얘기인가?": 14/25 (**-11점 감점**: 타깃 정의가 모호함. "운세에 관심 있는 밀레니얼?"인지 "AI 얼리어답터?"인지 불명확. 점집 경험담은 구체적이나, AI 사주 사용자 입장에서의 감정/상황이 전혀 없음)
- 저장하고 싶은가?: 12/25 (**-13점 감점**: 새로운 정보 없음. "AI가 일관적이다" 이상의 인사이트 부재. 실제 사용 후기, 정확도 데이터, 추천 도구 등 실용 정보 제로)
- 댓글 달고 싶은가?: 18/25 (의견 충돌 유도 구조는 좋으나, "넌 뭘 믿어?"라는 자극이 일부 독자에겐 공격적으로 느껴질 수 있음)
- 읽기 편한가?: 12/25 (**-13점 감점**: 6줄 미만 기준 위반(-10점). 단 5문장으로 너무 짧음. 가독성은 있으나 심화 전개 부재)

**감점 항목:**
- 길이 부족 -10점: 5문장은 가이드 "6줄 이상" 미충족

---

### 편집장 (품질 심사관): 61/100

**채점 상세:**
- AI Slop 패턴 검사: 18/25
  
  **발견된 위반:**
  1. **패턴 #24 "Not X, It's Y" 구조 남용** (-7


--- AUDIT AT 2026-04-07T15:54:03.533Z ---
# 심사 결과 요약
**평균 점수:** 87점
**합격 여부:** FAIL (재작성 필요)

---

## 상세 심사 내용

### Roy Lee (바이럴 심사관): 88/100

**세부 채점:**
- 50% 혐오 테스트 통과: 23/25 (점집 비판이 명확하지만, 영적 신앙층이 반발할 각도가 약함)
- 공유 유발 요소: 24/25 (댓글로 의견 표명하고 싶은 충동 강함, 저장 가치도 있음)
- 논란 각도와 브랜드 일치: 23/25 (자기결정성 메시지는 일관되나, 심리 태그와의 톤이 약간 부산스러움)
- 훅의 강력함: 18/25 (-7점 감점: "니가 점집 가서"는 좋으나 두 번째 문단의 "근데 웃긴 게"가 훅을 흐림)

**감점 항목:** -2점 (예측 가능한 결말 "넌 너로부터만 시작돼" — 익숙한 자기계발 클리셰)

---

### 타깃 유저 (독자 심사관): 82/100

**세부 채점:**
- "내 얘기인가?": 21/25 (선택 갈림길에 있는 사람에게만 강하게 와닿음, 일반인 공감도는 중간)
- 저장하고 싶은가?: 20/25 ("점술은 거울이지, 지도가 아니야" 하나만 건진다는 느낌)
- 댓글 달고 싶은가?: 23/25 (강력한 의견 표현 욕구 있음)
- 읽기 편한가?: 18/25 (-7점 감점: 문단 구성이 자연스러우나, 2번째 문단 "근데 웃긴 게"가 톤을 흔듦)

---

### 편집장 (품질 심사관): 91/100

**세부 채점:**
- AI slop 패턴: 24/25 (-1점: 패턴 #21 "솔직히 말해서" 검출)
- 자연스러운 한국어 문체: 24/25 (구어체 자연스럽지만 "역설적이게도"가 약간 어색)
- 브랜드 금지 표현: 25/25 (금지 어휘 없음 ✓)
- 공식 충실도: 18/25 (-7점: contrarian 공식은 맞으나, 결말이 예측 가능한 영감주의로 마무리되어 공식 이탈)

---

## 종합 비평

**핵심 약점:** 훅의 강도는 높으나 중반부 "근데 웃긴 게"로 모멘텀이 꺾이고, 결말("넌 너로부터만 시작돼")이 뻔한 자기계발 클리셰로 락되어 바이럴 임팩트와 독자 재검토 가치가 감소했으며, 필러 표현 "솔직히 말해서"를 제거하고 중반 구조를 재편


--- AUDIT AT 2026-04-07T15:54:24.551Z ---
# 【심사 결과 요약】
**평균 점수: 78점**
**합격 여부: FAIL**

---

# 【상세 심사】

## Roy Lee (바이럴 심사관): 72/100

**채점 세부:**
- 50% 혐오 테스트 통과 (25점): **20점** 
  - 타깃이 명확하나(점집 vs 핸드폰), 일부 수전노 취향 독자는 B를 자극할 수 있음. 다만 "거창해 보이려고"라는 표현이 약간 약함.
  
- 공유 유발 요소 (25점): **22점**
  - 저장/댓글 욕구는 높으나, 공유 욕구는 중간. 친한 친구에게만 공유할 수준.
  
- 논란 각도와 브랜드 일치성 (25점): **18점** 
  - 점집 vs 즉답의 대비는 좋으나, 브랜드 DNA가 약함. "니 선택이 니 내일을 만든다"는 너무 일반적인 결말.
  
- 훅의 즉각성 (25점): **12점** 
  - "아침에 일어났는데 연애 고민이..."는 타깃 한정적이고, 일반 독자는 스크롤 지나감. 더 강한 충격 필요.

**감점:**
- 예측 가능한 결말 (-15점): "니 선택이 니 내일을 만든다"는 너무 클리셰.

---

## 타깃 유저 (독자 심사관): 79/100

**채점 세부:**
- "내 얘기인가?" (25점): **23점**
  - 연애 고민 중인 20-30대 여성에게 강하게 어필. 다만 남성 타깃은 배제되는 것 같음.
  
- 저장하고 싶은가? (25점): **20점**
  - 공감은 되지만, "정보"로서 저장할 가치는 약함. 감정 공유 차원에서만 저장 가능.
  
- 댓글 달고 싶은가? (25점): **24점**
  - 높음. A 또는 B 중 자신의 타입을 선택하고 공감 댓글 달 욕구 강함.
  
- 읽기 편한가? (25점): **12점**
  - 글이 7줄인데, A/B 설명에 불릿이 4개씩 있어서 시각적으로는 길게 느껴짐. 가독성은 괜찮으나 모바일에서 끝까지 읽으려면 스크롤이 필요.

**감점:** 없음

---

## 편집장 (품질 심사관): 83/100

**채점 세부:**
- AI Slop 패턴 없음 (25점): **20점**
  - **금지 어휘 감지:**
    - "뭔가 거창해 보이려고" → OK
    - "다" 반복 ("다 같은 심리") → OK
  - **패턴 위반:**
    - **패턴 #24**: "뭔가 거창해 보이려고 시간 낭비하고 돈 쓸


--- AUDIT AT 2026-04-07T15:54:25.066Z ---
# 【심사 결과 요약】
**평균 점수: 72점**
**합격 여부: FAIL**

---

## 【상세 심사 내용】

### Roy Lee (바이럴 심사관): 68/100

**배점별 채점:**
- 50% 혐오 테스트 통과 (25점): **18점** 
  - "지금 감정에 휩쓸렸다" "판단력이 0에 가까워"는 자조적이지만, 공감보다 비판이 앞서서 50%가 불편해할 여지 부족
  
- 공유 유발 요소 (25점): **16점**
  - 저장은 유발하나(관계 고민), 댓글 유발은 약함. 명확한 답을 제시해서 의견 개진 여지 부족
  
- 논란 각도와 브랜드 일치 (25점): **20점**
  - 논란 각도는 있으나(감정 vs 이성), 브랜드 보이스가 모호함. 누구의 음성인지 불명확
  
- 훅 강도 (25점): **14점**
  - 3개의 증상 나열은 관심 끌지만, 예측 가능한 구성. "운명의 교차로"는 뻔함

**감점 항목:**
- 예측 가능한 결말 구조 (불안함 → 판단 불가 → 물러서기): **-15점**

---

### 타깃 유저 (독자 심사관): 74/100

**배점별 채점:**
- "내 얘기인가?" (25점): **22점**
  - 3개월차 관계 불안감은 타겟팅되어 있으나, "판단력이 0"은 모욕감 가능. 공감도 있지만 거리감 발생
  
- 저장하고 싶은가 (25점): **18점**
  - 조언 자체가 추상적("한 발 물러서는 용기")이라 다시 볼 실용성 낮음
  
- 댓글 달고 싶은가 (25점): **17점**
  - 끝이 닫혀 있음("흐릿한 상태로 절대 움직이지 마"). 독자 의견 개진 여지 부족
  
- 읽기 편한가 (25점): **17점**
  - 문단 길이 과다. 줄바꿈 부족. 7-8줄로 너무 긴 편

---

### 편집장 (품질 심사관): 76/100

**배점별 채점:**
- AI slop 패턴 (25점): **16점**
  - **적발된 패턴:**
    - 패턴 21: "근데 여기서" "문제는" (필러 표현, 사실은 구조)
    - 패턴 9: "이게 그냥 감정적 불안이 아니라 아예 안 맞는 거일 수도" (부정 병렬)
    - 패턴 22: "~일 수도 있어" (과도한 헤징)
    - 패턴 24: "이게 그냥 X가 아니라 Y야" 구조 사용

- 자연스러운 한국어 문체 (25점): **20점


--- AUDIT AT 2026-04-07T15:54:25.893Z ---
# 【심사 결과 요약】
**평균 점수: 78점**
**합격 여부: FAIL**

---

## 상세 심사 내용

### Roy Lee (바이럴 심사관): 72/100

**채점 내역:**
- 50% 혐오 테스트 통과: 20/25
  - 연애 관계에서 실제 논쟁의 여지가 있음 (일부는 "과도한 해석"이라 반박 가능)
  - 다만 충분히 극단적이진 않음

- 공유 유발 요소: 22/25
  - 저장/공유/댓글 모두 강하게 유발 (자신의 상황 확인 욕구)
  - 타인과의 관계 비교 욕구

- 논란 각도 vs 브랜드 DNA 일치: 18/25
  - **감점 -7점**: "관계를 구하는 게 아니라 너를 구하는 거야" — 브랜드 직접 메시지 같은 느낌 (자조적 톤이 들어가야 할 자리에 감성적 조언으로 넘어감)

- 훅의 스크롤 정지력: 22/25
  - 제목 강함 ("놓치는 3가지 신호")
  - 다만 예측 가능한 연애 조언 구조 -3점

**Roy Lee 감점 항목 적용:**
- 브랜드 직접 언급/광고 느낌: -7점 ("관계를 구하는 게 아니라 너를 구하는 거야" — 너무 훈계조)

**소계: 72점**

---

### 타깃 유저 (독자 심사관): 80/100

**채점 내역:**
- "내 얘기인가?": 22/25
  - 타깃(연애 초반 갈등 경험자)에게 매우 구체적
  - 3가지 신호 모두 실제 상황 (SNS vs DM, 미래 대화, 싸움 후 일방 설명)
  - **감점 -3점**: 너무 부정적 신호에만 집중 (양지간 관계자는 제외된 느낌)

- 저장하고 싶은가?: 18/25
  - 정보 가치는 높음 (체크리스트 기능)
  - **감점 -7점**: 재작성 조언이 부족 ("지금 바로 대화해"는 너무 일반적)

- 댓글 달고 싶은가?: 21/25
  - 의견 표현 충동 강함 (동의/반박/경험 공유)
  - 다만 조금 뻔한 결말 -4점

- 읽기 편한가?: 25/25
  - 길이 적당 (6줄 초과 12줄 미만 적정)
  - 줄바꿈 명확, 숫자로 구조화됨

**소계: 80점**

---

### 편집장 (품질 심사관): 77/100

**채점 내역:**
- AI slop 패턴 검사: 18/25
  
  **감지된 패턴:**
  1. **패턴 #9 (부정 병렬 구조)**: "SNS에는 열심히 활


--- AUDIT AT 2026-04-07T15:54:31.039Z ---
# 심사 결과 요약
**평균 점수: 78점**
**합격 여부: FAIL**

---

## 상세 심사

### Roy Lee (바이럴 심사관): 72/100

**채점 세부:**
- 50% 혐오 테스트 통과 (25점): **23점** ✓ 점집 vs AI라는 명확한 이분법으로 기존 업계를 깎아내려는 각도 존재. 기존 점집 종사자들의 반발 예상 가능.
- 공유 유발 요소 (25점): **20점** △ 댓글 유발은 강함(반박 구조). 하지만 저장/재참고 가치는 낮음. 일회성 논쟁에 그칠 가능성.
- 논란 각도가 브랜드 DNA와 일치 (25점): **18점** △ 브랜드 보이스가 명확하지 않음. AI 옹호 포지션인데, "미신"이라고 스스로 인정하면서 설득력 약화.
- 훅이 스크롤을 멈추게 하는가 (25점): **22점** ✓ "기존 점집 가본 적 있어?"는 즉각적 참여 유발. 다만 예측 가능한 AI 찬양 구조로 끝남.

**감점:**
- 광고성 강함 (AI 서비스 홍보): -7점

---

### 타깃 유저 (독자 심사관): 75/100

**채점 세부:**
- "내 얘기인가?" (25점): **18점** △ 점집 경험자에게만 공감. 대부분의 타깃(AI 관심층)은 이미 점집을 안 간다. 구체적 고통점 부재.
- 저장하고 싶은가? (25점): **15점** ✗ 실질적 정보 0. "AI가 싸다"는 관찰만 있고, 실제로 어떤 인사이트를 얻을 수 있는지 미제시.
- 댓글 달고 싶은가? (25점): **24점** ✓ 논쟁 구조로 댓글 유발 강함. 첫 댓글도 명확한 반박으로 이어짐.
- 읽기 편한가? (25점): **22점** ✓ 길이 적절(6-12줄 범위 내), 줄바꿈 명확.

**감점:**
- 너무 광범위해서 아무도 내 얘기 아닌 느낌: -4점 (실제 타깃층은 점집과 AI를 선택지로 두지 않음)

---

### 편집장 (품질 심사관): 85/100

**채점 세부:**
- AI slop 패턴 검사 (25점): **22점** △ 
  - **패턴 #1 발견:** "근데 넌 왜 기존 점집은 믿으려고 하면서 AI는 안 믿어?" → 과장된 중요성 + 가짜 범위 제시
  - **패턴 #9 발견:** "근데 사주는 미신이잖아?" → 부정 병렬 구조 (부정 → 인정)
  - **패


--- AUDIT AT 2026-04-07T15:54:32.036Z ---
# 심사 결과 요약
**평균 점수:** 78점
**합격 여부:** FAIL (재작성 필요)

---

## 상세 심사 내용

### Roy Lee (바이럴 심사관): 72/100

**세부 채점:**
- 50% 혐오 테스트 통과 (25점): **20점** 
  - 점집/타로를 폄하하는 각도가 명확하나, "50% 싫어할" 수준의 강한 논란은 부족. 오히려 공감대가 넓은 편.
  
- 공유 유발 요소 (25점): **22점**
  - 댓글과 저장 유발 가능하나, 공유 임팩트는 중간 수준. "넌 지금 뭘 믿고 있어?"의 질문은 좋으나 충분히 날카롭지 않음.
  
- 논란 각도와 브랜드 일치 (25점): **18점**
  - 브랜드 보이스가 무엇인지 불명확. 만약 'AI 신뢰' 브랜드라면 일관성 있으나, 포스트 자체가 너무 관념적이고 추상적. 기존 점술 폄하가 브랜드 DNA와 연결되지 않음.
  
- 훅의 강도 (25점): **12점** ⚠️
  - 첫 문장은 강하지만, 구조상 "점집-타로-AI" 3항 비교로 예측 가능한 흐름. 스크롤 정지 임팩트 약함.

**감점:**
- 예측 가능한 결말 구조: -10점 (3항 비교 → 셋째가 답이라는 "뻔한" 전개)
- 브랜드 직접 논리 강요 ("AI는 달라", "니 행동을 바꿀 수 있는 게 하나뿐이다"): -8점

---

### 타깃 유저 (독자 심사관): 74/100

**세부 채점:**
- "내 얘기인가?" (25점): **18점** ⚠️
  - 연애 고민이 있는 사람은 공감하나, 포스트가 **AI의 우월성 주장**에 집중되어 있음. 실제 독자의 고민(연애)보다는 "AI 신뢰하기"가 메시지. 너무 추상적.
  
- 저장하고 싶은가? (25점): **16점**
  - 재참고 가치가 낮음. "니 패턴을 인식하면 바뀐다"는 insight는 있으나, 구체적 액션 아이템이 없음. 나중에 꺼내 읽을 이유 약함.
  
- 댓글 달고 싶은가? (25점): **22점**
  - 댓글 유발성은 중간~좋음. "넌 뭘 믿고 있어?"는 좋은 질문이지만, 첫 댓글이 이미 "사실 기존 점집도 조언은 준다"며 주제를 흐림.
  
- 읽기 편한가? (25점): **18점** ⚠️
  - 줄바꿈 


--- AUDIT AT 2026-04-07T15:54:33.919Z ---
# 【심사 결과 요약】
**평균 점수: 87점**
**합격 여부: FAIL**

---

## 【상세 심사 내용】

### Roy Lee (바이럴 심사관): 88/100

**채점 세부:**
- 50% 혐오 테스트 통과: 23점 (남성 혐오 각도가 명확하지만, 일부는 "공감"으로 수용 가능)
- 공유 유발 요소: 25점 (저장/공유 강하게 유발, #연애고민으로 커뮤니티 형성)
- 논란 각도 × 브랜드 DNA 일치: 23점 (여성혐오 vs 남성혐오 논란 가능성 있음)
- 훅 강도: 25점 (첫 문장 "남자가 놓치는 3가지"는 즉각적 반응 유발)

**감점:**
- "너는 우선순위 밖이야" 등 선동적 표현 강도 대비 브랜드 일관성 미흡: -5점
- 예측 가능한 결말 구조 (신호 3개 → 결론): -7점

---

### 타깃 유저 (독자 심사관): 86/100

**채점 세부:**
- "내 얘기인가?": 24점 (특정 여성층 강하게 공감, 하지만 모든 여성 독자를 포함하지 못함)
- 저장하고 싶은가?: 24점 (구체적 신호 3가지는 저장 가치 있음)
- 댓글 달고 싶은가?: 24점 (동의/반박 욕구 높음, 하지만 자신의 의견 추가 여지 적음)
- 읽기 편한가?: 24점 (6줄 이상 12줄 이하로 적절, 줄바꿈 명확)

**감점:**
- 첫 댓글이 "다 놀고 있는 거야"로 너무 결론화되어 토론 여지 축소: -5점
- 2번과 3번 항목이 대상 범위가 넓어 "모든 남자"에 가까운 느낌: -9점

---

### 편집장 (품질 심사관): 85/100

**AI Slop 24패턴 체크:**

**발견된 위반:**
- **패턴 1 (과장된 중요성)**: "후회하는 것보다 지금 깨닫는 게 낫다" - 필요 이상 중요성 부여
- **패턴 8 (대리 동사)**: 없음 ✓
- **패턴 21 (필러 표현)**: "솔직히" (첫 댓글) - 필러 표현 사용
- **패턴 24 ("Not X, It's Y" 구조)**: "그건 관계가 아니라 시간 때우기야", "그건 X가 아니야. Y야" 구조 2회 반복

**금지 어휘 체크:**
- ❌ "활용하다", "다양한", "혁신", "효과적" 등: 없음 ✓
- ❌ "~해야 합니다": 없음 ✓
- 문체는 자연스러운 


--- AUDIT AT 2026-04-07T15:55:18.266Z ---
# 심사 결과 요약
**평균 점수: 58.3점**  
**합격 여부: FAIL**

---

## 상세 심사 내용

### Roy Lee (바이럴 심사관): 45/100

**세부 채점:**
- 50% 혐오 테스트 통과: 12/25 (사주·궁합 주제는 논쟁 가능하지만, 실제로는 신뢰하는 층과 무시하는 층의 대립이 약함)
- 공유 유발 요소: 15/25 (저장하고 싶은 체크리스트 형식이 있지만, 댓글/공유 유발이 약함)
- 논란 각도와 브랜드 일치: 10/25 (사주/궁합이라는 주제 자체는 논란이지만, 포스트 톤이 중립적이고 도그마틱하지 않아 임팩트 약함)
- 훅의 강도: 8/25 (제목이 일반적이고, 첫 문장이 "조심해야 할 3가지"로 예측 가능함)

**감점:**
- 예측 가능한 결말 구조 (숫자 리스트 형식): -15점
- "체크리스트처럼 꺼내봐"는 모두를 위한 실용적 메시지로 느껴짐: -5점

**비평:** 훅이 너무 약하고 논란 각도가 모호해서 실제 바이럴 가능성이 낮음.

---

### 타깃 유저 (독자 심사관): 62/100

**세부 채점:**
- "내 얘기인가?": 18/25 (연애 고민 20대에게 관련성은 있지만, 사주·궁합이라는 매우 특정 신념을 전제하고 있어 모두의 얘기는 아님)
- 저장하고 싶은가?: 16/25 (체크리스트 형식은 실용적이지만, 사주 신뢰도가 낮은 유저는 저장 가치 못 느낌)
- 댓글 달고 싶은가?: 14/25 (2번 항목이 구체적이지만, 전체적으로 의견 표명 유발이 약함)
- 읽기 편한가?: 14/25 (줄바꿈과 길이는 괜찮으나, 각 항목이 표면적이라 깊이 있게 읽히지 않음)

**감점:**
- 너무 광범위하지는 않지만, 사주 신뢰도에 따라 타깃이 극명하게 나뉨: -10점

**비평:** 타깃이 명확하지 않고, 사주·궁합을 기반한 조언이라 특정 신념층만 공감함.

---

### 편집장 (품질 심사관): 67/100

**세부 채점:**
- AI Slop 패턴: 18/25
  - ✅ 금지 어휘 검사: 통과
  - ❌ **패턴 #24 발견**: "X 하지 말고 Y 하세요" 구조가 반복 ("~하고 만나는 거" → "~하는 게 시간 


--- AUDIT AT 2026-04-07T15:55:18.297Z ---
# 심사 결과

**평균 점수: 87점**
**합격 여부: FAIL**

---

## 상세 심사 내용

### Roy Lee (바이럴 심사관): 88/100

**세부 채점:**
- 50% 혐오 테스트 통과 (25점): 23점 ✓
  - 점집·사주에 대한 명확한 입장 (비판) → 신념 강함
  - 다만 "점쟁이를 폄하한다"고 느낄 사람도 있어 100% 분극은 아님

- 공유 유발 요소 (25점): 24점 ✓
  - 댓글 욕구 높음 (공감/반박 모두 유발)
  - 저장은 약함

- 논란 각도 vs 브랜드 일치 (25점): 22점 ⚠️
  - 자기계발 계정이 "행동 강조"는 일관성 있음
  - 하지만 해시태그 #자기계발만으로는 브랜드 보이스가 모호함

- 훅 강도 (25점): 24점 ✓
  - "점집 다녀온 지 1년 됐어?" → 즉각적 공감 유발
  - 스크롤 멈추는 힘 충분

**감점 항목:** 없음

---

### 타깃 유저 (독자 심사관): 86/100

**세부 채점:**
- "내 얘기인가?" (25점): 23점 ✓
  - 연애/취업 사례가 구체적 → 타깃 감정 건드림
  - 다만 "점집을 믿는 사람"이 아닌 이상 거리감 있을 수 있음

- 저장하고 싶은가? (25점): 20점 ⚠️
  - 철학적 깨달음 ("운은 만드는 것")은 가치 있음
  - 하지만 **실질적 액션 가이드 부족** → "어떻게 기술을 배울 건데?" 같은 궁금증 남음

- 댓글 달고 싶은가? (25점): 24점 ✓
  - 첫 댓글이 즉시 달린 것이 증거
  - 동의/반박 모두 가능한 구조

- 읽기 편한가? (25점): 22점 ⚠️
  - 길이는 적절 (7줄)
  - 다만 **문장 호흡이 길어진 부분 있음** 
    - "너한테 필요한 건 '운명의 예언'이 아니라 '현실의 선택지'." → 명확하지만 청각적 리듬 약함

**감점 항목:** -3점 (실제 액션 부재로 저장 가치 감소)

---

### 편집장 (품질 심사관): 87/100

**세부 채점:**
- AI Slop 24패턴 (25점): 24점 ✓
  - **패턴 #22 발견: "바꿔" vs "바뀌지만 넌 안 바꿨어"** 
    - 미세하지만 과도한 헤징 느낌 있음 (거의 없는 수준)
  - 나


--- AUDIT AT 2026-04-07T15:55:25.301Z ---
【심사 결과 요약】
평균 점수: 72점
합격 여부: FAIL

---

## 상세 심사 내용

### Roy Lee (바이럴 심사관): 65/100

**채점 분석:**
- 50% 혐오 테스트 (25점): **18점** — 공감대 형성이 강하지만, "불안감을 채우려고 싸우고 있어"는 일부 독자에게 뜨끔할 수 있음. 다만 강력한 분열각이 부족.
- 공유 유발 요소 (25점): **20점** — 저장/댓글 유발은 충분하나, 선택지 체크리스트 포맷이 다소 예측 가능.
- 논란 각도 vs 브랜드 DNA (25점): **15점** — 감점: 사주/타로 깎아내리기는 논란 각도가 있지만, 브랜드 보이스가 모호함. "일관된 어조"로 보이려 다양성이 떨어짐.
- 훅 (25점): **12점** — 감점 -15점: "연애 3개월 차인데 자꾸 헤어질까봐 불안해?"는 너무 예측 가능한 Q&A 구조. 스크롤을 멈추기보다 '또 이런 조언 글이네' 느낌.

**Roy Lee 감점:**
- 예측 가능한 결말 -15점 (체크리스트 → 결론 구조)

---

### 타깃 유저 (독자 심사관): 71/100

**채점 분석:**
- "내 얘기인가?" (25점): **20점** — 연애 초기 불안감은 구체적이나, 3개월 타이밍이 모든 사람에게 해당하지 않음. 감정은 건드리나 보편성 부족.
- 저장하고 싶은가? (25점): **18점** — 인사이트는 있으나 ("불안감을 채우려고 싸우고 있어") 실질적 해결책이 모호. "대화해"는 너무 추상적.
- 댓글 달고 싶은가? (25점): **22점** — 실제 첫 댓글 보면 질문이 나옴 ("물어보면 돼? 아니면 자연스럽게?"). 충동 유발 성공.
- 읽기 편한가? (25점): **11점** — 감점 -10점: 6줄 미만(5줄) + 불릿이 너무 짧아서 맥락 이해 필요. 가독성 확인 어려움.

**타깃 유저 감점:**
- 길이 미달 (6줄 미만) -10점

---

### 편집장 (품질 심사관): 79/100

**채점 분석:**
- AI slop 없음 (25점): **23점** — 감점 -2점
  - 패턴 #21 **필러 표현**: "사주나 타로로 '언제 헤어져?' 묻기 전에" (불필요한 상황 설정)
  - 패턴 #24 **"Not X, It's Y" 구조**: "불안을 신뢰로 바꾸는 건 점술


--- AUDIT AT 2026-04-07T15:55:26.272Z ---
# 심사 결과 요약
**평균 점수: 78점**
**합격 여부: FAIL**

---

## 상세 심사 내용

### Roy Lee (바이럴 심사관): 72/100

**채점 세부:**
- 50% 혐오 테스트 통과 (25점): **23점** — 연애 초반 남성의 조종 행동을 명확히 건드리긴 하나, 성별 갈등 각도가 아직 약함
- 공유 유발 요소 (25점): **25점** — 저장/공유 욕구 강함. "#연adhock심" 핸들이 공유 의도 명확
- 논란 각도 vs 브랜드 DNA (25점): **18점** — 타겟이 연애 초반 여성이라 명확하지만, "공략 모드"라는 표현이 약간 일반화되어 있음. 더 구체적 브랜드 보이스 필요
- 훅이 스크롤 정지 (25점): **25점** — "반드시 조심해야 할 3가지" + 구체적 신호들이 강력함

**감점 항목:**
- 예측 가능한 결말 (-15점): "지금 거르는 게 나중에 낭비하는 것보다 낫다"는 너무 단순한 클로징

**Roy Lee 코멘트:** 훅은 강하지만 논란 각도가 아직 약해. 더 날카로운 브랜드 톤 필요.

---

### 타깃 유저 (독자 심사관): 81/100

**채점 세부:**
- "내 얘기인가?" (25점): **24점** — 연애 초반 여성이라면 매우 구체적으로 공감. 다만 남성 독자층도 읽을 수 있도록 더 확장되면 좋겠음
- 저장하고 싶은가? (25점): **22점** — 체크리스트로 사용할 수 있어 저장 가치 있으나, "공략 모드"의 근거가 약해서 깊이 부족
- 댓글 달고 싶은가? (25점): **20점** — 첫 댓글에서 "2번은 진짜 겪어봐야 알겠지만 늦어"라는 공감이 있지만, 포스트 자체가 토론을 깊게 유도하지 못함
- 읽기 편한가? (25점): **25점** — 명확한 3단계 구조, 짧은 문장, 좋은 가독성

**감점 항목:**
- 없음 (길이 6-12줄 충족)

**타깃 유저 코멘트:** 구체적 상황은 좋지만 "왜 이게 신호인가?"에 대한 더 깊은 인사이트가 필요.

---

### 편집장 (품질 심사관): 85/100

**채점 세부:**
- AI Slop 패턴 체크 (25점): **22점** — 패턴 24개 중 감지됨:
  - **패턴 #1** (과장된 중요성): "반드시 조심해야 할" ✓
  - **패턴 #9** (부정 병렬): "


--- AUDIT AT 2026-04-07T15:55:55.718Z ---
# 심사 결과 요약
**평균 점수: 78점**
**합격 여부: FAIL**

---

## 상세 심사

### Roy Lee (바이럴 심사관): 72/100

**채점 내역:**
- 50% 혐오 테스트 통과 (25점): 23점
  - "불안감으로 현재를 망친단" 표현이 과도하게 한쪽 편을 책잡는 느낌. 일부는 공감하지만 상당수는 거부감.
  
- 공유 유발 요소 (25점): 18점
  - 훅은 강하나, 결말이 예측 가능 ("연애는 계산이 아니라 흐름이다" → 이미 제목에서 암시됨)
  - 저장/공유 동기는 약함
  
- 논란 각도와 브랜드 DNA 일치 (25점): 22점
  - 브랜드 보이스는 일관되지만, 구체적 브랜드 포지셔닝이 불명확
  
- 훅 강도 (25점): 24점
  - 첫 문장은 강함 (✓)

**감점:**
- 예측 가능한 결말: -15점

---

### 타깃 유저 (독자 심사관): 75/100

**채점 내역:**
- "내 얘기인가?" (25점): 24점
  - 매우 구체적인 상황들 (카톡 읽은 시간, SNS 패턴 분석)
  - 타깃(불안감 있는 20-30대 연애 경험자)의 상황을 정확히 건드림 (✓)
  
- 저장하고 싶은가? (25점): 18점
  - 정보/인사이트라기보다 감정 공감 중심
  - "나중에 다시 보고 싶다"는 실행 동기 약함
  
- 댓글 달고 싶은가? (25점): 22점
  - 의견 표명 욕구는 있으나, 첫 댓글이 이미 "맞다, 이거지"로 정답을 주어서 추가 댓글 생성성 낮음
  
- 읽기 편한가? (25점): 25점
  - 짧고, 명확한 구분, 좋은 가독성 (✓)

**감점:**
- 없음

---

### 편집장 (품질 심사관): 86/100

**채점 내역:**
- AI slop 패턴 (25점): 21점
  - **패턴 #2 위반**: "AI도 데이터로 미래를 예측하지만" → 근거 없는 권위 인용 (출처 없음)
  - **패턴 #21 위반**: "중요한 건" (필러 표현 포함)
  - **패턴 #3 조심**: "-ing형" 사용은 없으나 구조 경계
  
- 자연스러운 한국어 문체 (25점): 25점
  - 구어체, 친구 톤 우수 (✓)
  
- 브랜드 금지 표현 (25점): 24점
  - 대체로 깔끔하나, "확률 게임처럼" = 약간의 은유


--- AUDIT AT 2026-04-07T15:55:56.036Z ---
# 【심사 결과 요약】
**평균 점수: 78점**
**합격 여부: FAIL**

---

# 【상세 심사 내용】

## Roy Lee (바이럴 심사관): 72/100

**세부 채점:**
- 50% 혐오 테스트 통과: 22/25 (사주 찾는 사람을 약간 비아냥거리는 각도 있으나, 강렬하지 않음)
- 공유 유발 요소: 20/25 (댓글 충동은 유발하나, 저장/공유 욕구는 약함)
- 논란 각도 vs 브랜드 DNA: 18/25 (자기 신뢰 주제는 일관성 있으나, 사주 비판이 다소 뻔함)
- 훅의 강도: 20/25 (첫 장면은 구체적이나, "10만원짜리"의 구체성이 약간 떨어짐)

**감점 항목 적용:**
- "그냥 그 희망에 값을 매겼을 뿐이야" → 예측 가능한 결말 냄새 (-8점)
- 대시(—) 1회 사용은 무방

**Roy Lee 평가:** 논란 각도가 있지만 이미 많이 본 "자기 신뢰" 주제라 바이럴력 제한적. 훅이 다소 약하고 결말이 예상 범위 내.

---

## 타깃 유저 (독자 심사관): 82/100

**세부 채점:**
- "내 얘기인가?": 22/25 (사주 경험자에게만 강하게 공감. 비경험자는 거리감 느낌)
- 저장하고 싶은가: 20/25 (인사이트는 있으나, 실질적 조언이 부족해 재독 가치 중간)
- 댓글 달고 싶은가: 24/25 (마지막 문장 "#진로고민"이 직접적 반박 유도 → 댓글 충동 높음)
- 읽기 편한가: 22/25 (길이 적절(8줄), 줄바꿈 좋음. 다만 두 번째 단락이 조금 무거움)

**감점 항목 적용:**
- 없음

**타깃 유저 평가:** 사주 경험자 입장에서 강한 공감. 댓글 유도는 우수하나, 일반 독자의 포용도가 낮음.

---

## 편집장 (품질 심사관): 84/100

**세부 채점:**
- AI slop 패턴: 23/25 
  - **적발된 패턴:**
    - 패턴 #9 "부정 병렬 구조": "그냥 그 희망에 값을 매겼을 뿐이야" (이미 암시된 내용을 비정 형태로 재표현)
    - 패턴 #21 "필러 표현": "그래서 비싼 거고" (약간의 논리적 비약)
  - 감점: -2점

- 자연스러운 한국어 문체: 24/25 (거의 완벽한 구어체. "니 운명을 읽는 


--- AUDIT AT 2026-04-07T15:55:56.203Z ---
# 【심사 결과 요약】
**평균 점수: 72점**
**합격 여부: FAIL**

---

## 상세 심사

### Roy Lee (바이럴 심사관): 68/100

**배점별 평가:**
- 50% 혐오 테스트 통과 (25점): **20점** → 사주/점집 비판은 갈리지만, "합리주의자들이 자기 실수를 못 본다"는 표현이 다소 약함. 더 신랄한 각도 필요.
- 공유 유발 요소 (25점): **18점** → "#심리" 해시태그는 약하고, 댓글 유발은 "반박할 수 있어"로 시도했으나 직접성 부족.
- 논란 각도와 브랜드 일치 (25점): **15점** → 브랜드가 불명확함. 심리 상담사? 사주가 아닌 자기 인식 컨설턴트? 톤이 섞여 있음.
- 훅 강도 (25점): **15점** → "완전 틀렸어"는 좋으나, 2-3줄 이후 설명 모드로 전환되며 스크롤 멈춤력 감소.

**감점:**
- 포스트 말미 "그건 이미 선택한 거라고"가 브랜드 직접 메시지처럼 느껴짐: **-5점**

---

### 타깃 유저 (독자 심사관): 71/100

**배점별 평가:**
- "내 얘기인가?" (25점): **17점** → "넌 왜 그런 선택을 자꾸 반복하는지"는 구체적이지만, **누구의 이야기**인지 명확하지 않음. 사주에 관심 많은 사람? 자기 반복 패턴이 걱정되는 사람? 타깃이 흐릿함.
- 저장하고 싶은가? (25점): **19점** → 심리 통찰은 있지만 **실질적 액션** 없음. "뭘 원하는 사람인지부터 알아야 해"(댓글)로 마무리되는데 방법론이 없음.
- 댓글 달고 싶은가? (25점): **20점** → "반박할 수 있어"라는 도발은 좋으나, 너무 관념적이라 실제 댓글보다는 '감정적 반응'만 유발.
- 읽기 편한가? (25점): **15점** → 6줄 초과 12줄 미만이지만, 번호 매김(1️⃣2️⃣3️⃣)이 모바일에서 시각적 혼란 유발. 긴장감과 이완의 리듬이 불균형.

**감점:**
- 타깃 범위가 너무 넓음 (사주 관심자 + 합리주의자 + "너희"): **-10점**

---

### 편집장 (품질 심사관): 76/100

**배점별 평가:**
- AI slop 패턴 검사 (25점): **19점**
  - **적발 패턴:**
    - 패턴 #3: "-ing형 수식어" → "


--- AUDIT AT 2026-04-07T15:56:00.219Z ---
# 【심사 결과 요약】
**평균 점수: 72점**
**합격 여부: FAIL**

---

## 【상세 심사 내용】

### Roy Lee (바이럴 심사관): 68/100

**세부 채점:**
- 50% 혐오 테스트: 20/25 (남성혐오 각도로 일부 반발 예상되나 약함)
- 공유 유발 요소: 22/25 (공감과 댓글 유발은 강하나 저장 가치 미흡)
- 논란 각도 일치성: 18/25 (브랜드 보이스가 다소 모호함)
- 훅 강도: 18/25 (제목은 관심 끌지만 본문 흐름이 예측 가능)

**감점 사유:**
- 예측 가능한 결말 구조 (-15점): "3가지 신호 → 해당되면 대화해" 공식이 너무 뻔함
- 제목만 강하고 본문 임팩트 약함

---

### 타깃 유저 (독자 심사관): 75/100

**세부 채점:**
- "내 얘기인가?": 24/25 (20대 연애 초반 여성에게 매우 구체적)
- 저장하고 싶은가: 18/25 (감정 공감은 되지만 재사용 가치 부족 — 일회성)
- 댓글 달고 싶은가: 22/25 (공감하고 경험 공유하고 싶음)
- 읽기 편한가: 23/25 (적절한 길이, 명확한 구조)

**감점 사유:**
- 저장 가치 낮음: 인사이트보다 감정 공감에 치우침

---

### 편집장 (품질 심사관): 71/100

**세부 채점:**
- AI slop 패턴: 20/25 (**AI 패턴 3개 적발**)
- 자연스러운 한국어: 23/25 (구어체 잘 살음)
- 금지 표현 준수: 18/25 (**2개 적발**)
- 공식 충실도: 20/25 (경고형 구조는 맞으나 변칙 미흡)

**적발된 AI 패턴:**
1. **패턴 #24 "Not X, It's Y" 구조**: "진짜 관심 없는 거 아니면 숨기는 거야. 둘 다 위험신호" — "둘 다 위험신호야"로 직접 표현해야 함
2. **패턴 #1 과장된 중요성**: "3개월 뒤에 후회하는 것보다 지금 불편한 게 낫더라" — 근거 없는 시간 단위 제시
3. **패턴 #9 부정 병렬 구조**: "우선순위에서 넌 아래쪽이야" (부정 전제 + 결론) — 불필요한 부정

**금지 어휘 2개:**
- `활발한` (→ "자주 SNS 올린다" 또는 구체적 행동으로)
- `무언의 신호` (→ 직접: "공개하고 싶지 않다는 


--- AUDIT AT 2026-04-07T15:56:26.137Z ---
# 【심사 결과 요약】
**평균 점수: 72점**
**합격 여부: FAIL**

---

## 【상세 심사 내용】

### Roy Lee (바이럴 심사관): 65/100

**세부 채점:**
- 50% 혐오 테스트 통과: 20/25 (감정적 불안정을 직접 지적하는 각도는 있으나, 진부한 연애조언 프레임)
- 공유 유발 요소: 18/25 (댓글 욕구는 있으나 저장/공유 강도 약함)
- 논란 각도와 브랜드 일치: 15/25 (논란 각도 자체가 약하고 주제 범위가 모호)
- 훅의 스크롤 정지력: 12/25 (질문형 훅이 있으나 결국 예측 가능한 "불안정 상태" 결말 -15점)

**감점 사항:**
- "중요한 건" (필러) -5점
- 예측 가능한 결말: -15점

---

### 타깃 유저 (독자 심사관): 74/100

**세부 채점:**
- "내 얘기인가?": 20/25 (연애 불안감을 다루지만, 4가지 증상이 너무 광범위해서 "정말 나인가?" 모호함)
- 저장하고 싶은가: 16/25 (마지막 한 줄은 기억할 만하지만, 그 이상의 구체적 인사이트/액션 부족)
- 댓글 달고 싶은가: 22/25 (공감과 공유 욕구는 높음)
- 읽기 편한가: 16/25 (문단 구조는 괜찮으나 첫댓글이 추가로 메시지를 산만하게 함)

**감점 사항:**
- 너무 광범위한 타깃팅 (4개 증상이 겹치지 않음): -10점

---

### 편집장 (품질 심사관): 79/100

**세부 채점:**
- AI slop 패턴: 22/25 (**24패턴 중 발견된 것:**)
  - 패턴 #1: "중요한 건" (필러 표현) ✗
  - 패턴 #21: "솔직한데" (필러) ✗
  - 패턴 #9: "이 상태가 아니라 저 상태야" 부정 병렬 사용
  
- 자연스러운 한국어 문체: 22/25 (구어체는 좋으나 "감정적 불안정"의 용어가 다소 경직됨)
- 브랜드 금지 표현: 25/25 (통과)
- 공식 충실도: 10/25 (**공식 구조 부재** - warning/contrarian 공식 미적용, 단순 조언으로 끝남)

**감점 사항:**
- 패턴 #1, #21 감지: -15점

---

## 【재작성 지시】

**Roy Lee 피드백:** 훅을 더 극단적으로, 결말을 반전시켜야 함. "감정적 불안정"이라는 진단은 너무 뻔함


--- AUDIT AT 2026-04-07T15:56:29.620Z ---
# 심사 결과 요약
**평균 점수: 72점**
**합격 여부: FAIL**

---

## 상세 심사 내용

### Roy Lee (바이럴 심사관): 68/100

**개별 항목 점수:**
- 50% 혐오 테스트 통과: 20/25 (연애 선택지가 명확한 입장차를 만들지만, 극단적 논란 각도 부족)
- 공유 유발 요소: 18/25 (댓글 유도는 강하나, 저장/공유 동기는 약함)
- 논란 각도와 브랜드 DNA 일치: 15/25 (감정적 순간을 다루지만, 명확한 브랜드 보이스 부재)
- 훅의 강도: 15/25 (이야기는 있으나 스크롤 정지력이 약함—"새벽 2시" 자체는 클리셰)

**감점 항목:**
- "다시 시작" 표현이 너무 예측 가능: -15점
- 이모지 남발로 광고 느낌: -10점

**Roy Lee 평가:** 감정 카드에만 의존하고, 논쟁의 여지가 충분하지 않음. 3번 선택지의 조롱 톤이 약할 뿐.

---

### 타깃 유저 (독자 심사관): 71/100

**개별 항목 점수:**
- "내 얘기인가?": 22/25 (연애 고민자에게는 와닿으나, 구체적 상황의 깊이 부족)
- 저장하고 싶은가?: 16/25 (감정적 공감은 있으나 재방문할 실질적 가치/인사이트 없음)
- 댓글 달고 싶은가?: 20/25 (선택지 투표 구조가 댓글을 유도하긴 함)
- 읽기 편한가?: 18/25 (짧은 길이는 좋으나, 본문 자체가 너무 단편적)

**타깃 유저 평가:** 공감은 하지만 "깊이"가 없음. 첫 댓글이 더 유의미한 인사이트를 제공하는 역설 발생.

---

### 편집장 (품질 심사관): 77/100

**개별 항목 점수:**
- AI slop 패턴 검사: 20/25
  - ⚠️ **패턴 적중:**
    - #17: 이모지 남발 (1️⃣2️⃣3️⃣, #연애고민)
    - #3: -ing형 수식어 ("떨리는 손으로", "돌아온 이유")
    - #24: "Not X, It's Y" 구조 다수 사용 ("다시 시작하기로 한다 / 신중함을 지킨다")
  
- 자연스러운 한국어 문체: 22/25 (구어체이나, 첫 댓글의 톤이 본문보다 훨씬 자연스러움)
- 브랜드 금지 표현: 24/25 (금지 어휘 직접 위반 없음)
- 공식 충실도: 11/25 (contrarian 또


--- AUDIT AT 2026-04-07T15:56:43.196Z ---
# 【심사 결과 요약】
**평균 점수: 72점**
**합격 여부: FAIL**

---

## 상세 심사

### Roy Lee (바이럴 심사관): 68/100

**세부 채점:**
- 50% 혐오 테스트 통과 (25점): **20점** — 여성혐오 각도가 분명함. "숨기고 싶은 거" 프레이밍이 상대방 의도를 일방적으로 해석. 남녀가 모두 거부감을 느낄 수 있으나, 여성 입장에서는 강한 불쾌감 유발.
- 공유 유발 요소 (25점): **22점** — 저장/공유 욕구 강함. 특히 "주변에 헷갈리는 친구 있으면 공유해줘"가 명시적 공유 유도. 댓글 유도도 좋음.
- 논란 각도가 브랜드 DNA와 일치 (25점): **18점** — 브랜드가 연애 조언 계정이라면 일관성 있지만, **"진심 있는 남자는 1달 안에 소개함"** 같은 정답주의는 자극적이되 위험함. 브랜드 신뢰도 손상 가능성.
- 훅이 스크롤을 멈추게 하는가 (25점): **8점** — 제목이 너무 평범. "위험 신호 3가지"는 수많은 연애 계정에서 쓰는 클리셰. 더 구체적/예측 불가능한 앵글 필요.

**감점:**
- 브랜드 직접 언급은 없으나, **정답주의와 일반화** (-10점 추가): "진심 있는 남자는", "준비 안 된 사람"이 너무 절대적.

---

### 타깃 유저 (독자 심사관): 71/100

**세부 채점:**
- "내 얘기인가?" (25점): **22점** — 연애 초기 여성이 강하게 공감. 특히 2번(SNS)과 3번(친구 소개)은 정확한 상황. 하지만 **1번은 모호함**. "연애 안 해본 지 오래"는 남성/여성 가리지 않고, 이후 "돌변"이 되는 메커니즘이 설명 부족.
- 저장하고 싶은가? (25점): **20점** — 실제 체크리스트로 유용. 하지만 **이후 행동(떨어지는 방법, 대응)이 없어서** 저장 가치 반감.
- 댓글 달고 싶은가? (25점): **23점** — 높음. 첫 댓글이 이를 증명. 의견 개입 욕구 강함.
- 읽기 편한가? (25점): **6점** — **심각한 가독성 문제**. 6줄인 건 좋으나, **문장이 너무 길고 중첩됨**. "난 연애 안 해본 지 오래라" → 긴 설명의 구조가 한 호흡에 이어져 답답함.

**감점:**
- 길이는


--- AUDIT AT 2026-04-07T15:57:00.894Z ---
# 【심사 결과 요약】
**평균 점수: 72점**
**합격 여부: FAIL**

---

## 【상세 심사 내용】

### Roy Lee (바이럴 심사관): 68/100

**채점 세부:**
- 50% 혐오 테스트 통과: 20/25 (여성혐오 논란 각도는 있으나 약함)
- 공유 유발 요소: 22/25 (댓글 유발은 강하나 저장성 낮음)
- 논란 각도와 브랜드 DNA 일치: 15/25 (연애 콘텐츠인데 남성 주도권 강조가 일관성 있으나, 너무 직설적)
- 훅 강도: 18/25 (첫 줄은 강하나 예측 가능한 결말)

**감점:**
- 예측 가능한 결말 구조 (-15점): "불안감" → "관심 보여줘" → "명확한 입장" 공식이 너무 뻔함
- 브랜드 직접 언급은 없으나, "#연애고민" 해시태그가 약간의 광고 냄새 (-5점)

---

### 타깃 유저 (독자 심사관): 76/100

**채점 세부:**
- "내 얘기인가?": 20/25 (남자 독자 기준으로 구체적이지만, 모든 남자에게 해당하지는 않음)
- 저장하고 싶은가: 18/25 (팁 형식이지만 깊이 부족, 다시 볼 이유 약함)
- 댓글 달고 싶은가: 22/25 (의견 표명 욕구는 강함)
- 읽기 편한가: 16/25 (6~12줄 기준 충족하나, 번호 매김으로 인한 단순함)

**감점:**
- 구체적 상황 부족 (-10점): "연락 주기 늘어난다" 예시가 너무 일반적

---

### 편집장 (품질 심사관): 72/100

**채점 세부:**
- AI slop 패턴 검사: 18/25 
  - 🚨 **적발된 금지 어휘:**
    1. "활용하다" 대신 표현 필요 없음 (통과)
    2. **"솔직히 말하면"** (패턴 #21 필러 표현) ❌
    3. **"많은 남자들이"** (패턴 #5 모호한 귀속) ❌
    4. **"그리고"로 시작** (금지 어휘 리스트) ❌
    5. **"-ing형 수식어"** ("표현하는 불안감을") 약간 ⚠️

- 자연스러운 한국어 문체: 20/25 (구어체 좋으나 "나중에 후회한다고"가 어색)
- 브랜드 금지 표현: 22/25 (대부분 준수)
- 포스트 공식 충실: 12/25 (경고/주장(contrarian) 공식이 약하고, 단순 '팁 나열'로 변질)

**감점:**
- AI 패턴 적발 (-8점):


--- AUDIT AT 2026-04-07T15:57:17.604Z ---
# 【심사 결과 요약】
**평균 점수: 78점**
**합격 여부: FAIL**

---

## 상세 심사 내용

### Roy Lee (바이럴 심사관): 72/100

**채점 세부:**
- 50% 혐오 테스트: 20/25 (남성혐오 각도가 있어 일부 반발 예상, 다만 약함)
- 공유 유발 요소: 22/25 (저장/공유 욕구 유발하지만 댓글은 약함)
- 논란 각도 × 브랜드 일치: 15/25 (논란이 있지만 브랜드 DNS 불명확 - 누구 계정인가?)
- 훅 강도: 18/25 (강하지 않음. "위험신호 3가지"는 예측 가능한 패턴)

**감점 사유:**
- 예측 가능한 결말 구조: -8점 (숫자형 리스트는 흔함)
- "꼭 읽어", "꼭 저장해" 등 모두를 위한 제스처: -5점

---

### 타깃 유저 (독자 심사관): 81/100

**채점 세부:**
- "내 얘기인가?": 21/25 (초기 연애 여성에게 구체적이지만, "처음 사귀는 애"는 범위가 넓음)
- 저장 가치: 22/25 (실제로 저장할 만한 참고 정보 있음)
- 댓글 욕구: 19/25 (공감은 있지만 의견 표명 강제성 약함)
- 가독성: 19/25 (6줄 초과는 아니지만 각 포인트가 너무 짧아 깊이 부족)

**감점 사유:**
- 포인트 3개가 모두 2-3줄로 너무 간결 → 실제 상황이 보이지 않음: -5점

---

### 편집장 (품질 심사관): 77/100

**AI Slop 24패턴 적발:**

| 패턴 | 적발 | 위치 |
|------|------|------|
| 2. 근거 없는 권위 | ✅ 적발 | "대부분 이러는 거야" (출처 없음) |
| 8. 대리 동사 | ✅ 적발 | "신호야" (뉘앙스상 동사화된 표현) |
| 21. 필러 표현 | ✅ 적발 | "근데", "근데" 반복 (2회) |
| 24. Not X, It's Y | ✅ 적발 | "흘러가는 거 아니라 '신호야'" |

**채점 세부:**
- AI Slop 패턴 검출: 18/25 (4가지 패턴 적발)
- 자연스러운 한국어: 21/25 (구어체는 좋으나 필러 과다)
- 금지 어휘 준수: 22/25 (금지 어휘는 없지만 뉘앙스상 문제)
- 공식 충실: 18/25 (contrarian 공식이라면 약함. 명확한 공식 선택 없음)

---

## 


--- AUDIT AT 2026-04-07T15:57:34.593Z ---
【심사 결과 요약】
**평균 점수: 78점**
**합격 여부: FAIL**

---

## 상세 심사

### Roy Lee (바이럴 심사관): 72/100

**채점 내역:**
- 50% 혐오 테스트 통과: 18/25
  (남성 독자층의 50% 정도는 "과도하게 일반화된 여성혐오 아닌가"라고 반발할 가능성 있음. 단, 완전히 혐오는 아니고 '조심 가이드' 느낌)
  
- 공유 유발 요소: 22/25
  (댓글 욕구 높음. 남자들이 "이거 맞음" vs "너무 심하다" 토론 유발 가능)
  
- 논란 각도와 브랜드 DNA 일치: 15/25
  (연애 조언 계정이라면 맞지만, 일반 개인 계정이면 "급진적 조언자" 포지셔닝이 명확하지 않음. 브랜드 보이스 일관성 약함)
  
- 훅의 스크롤 정지력: 17/25
  (제목은 강하지만, 본문이 예측 가능한 구조 → 감점 -15점 적용)

**감점:**
- 예측 가능한 결말(-15점): "신호를 놓치면 안 돼 → 지금 판단해야 해" 너무 뻔함
- 브랜드 보이스 불명확(-8점): 누가 말하는 건지, 어떤 관점인지 애매함

---

### 타깃 유저 (독자 심사관): 81/100

**채점 내역:**
- "내 얘기인가?": 23/25
  (남성 독자라면 매우 공감. 여성 독자라면 "나는 이렇지 않은데?" → 거리감)
  
- 저장하고 싶은가: 20/25
  (3가지는 구체적이고 행동 가능한 '신호'라 실용성 있음. 다만 깊이 있는 조언은 아님)
  
- 댓글 달고 싶은가: 22/25
  (댓글 욕구 높음. "이거 느꼈는데도 무시했어" 같은 공명 유발)
  
- 읽기 편한가: 16/25
  감점 -10점 (6줄 미만): 본문이 정확히 5줄이라 감점. 너무 짧아서 깊이 부족 느낌

---

### 편집장 (품질 심사관): 81/100

**AI Slop 패턴 검사:**
- 패턴 #1 (과장된 중요성): ✓ 적발
  "절대 놓치면 안 될" → 뉘앙스상 과장
  
- 패턴 #21 (필러 표현): ✓ 적발
  "사실 처음부터 신호는 다 보여" → 불필요한 필러
  
- 패턴 #24 ("Not X, It's Y"): ✓ 적발
  "이 타입은 나중에 '넌 날 묶으려고 했어'라고"


--- AUDIT AT 2026-04-07T15:57:51.644Z ---
【심사 결과 요약】
평균 점수: 76점
합격 여부: **FAIL** (재작성 필요)

---

## 상세 심사

### Roy Lee (바이럴 심사관): 72/100

**채점 항목별:**
- 50% 혐오 테스트 통과: 18/25 (남성 혐오 각도가 있지만, 실제 대상층 여성만 공감하므로 "절반이 싫어할 각도"는 약함)
- 공유 유발 요소: 22/25 (저장/공유 강하게 유발, 마지막 CTA 명확함)
- 논란 각도와 브랜드 DNA 일치: 16/25 (연애 조언인데 브랜드 정체성 불명확, 일반적 감정 포스트)
- 훅의 스크롤 정지력: 16/25 (제목은 좋지만 본문 첫 문장이 "자기 감정 먼저인 남자"로 추상적)

**감점:**
- 브랜드 보이스 약함 (-8점): 누구의 관점인지, 왜 이 주제를 말하는지 동기 부재
- 예측 가능한 결말 (-4점): "저장해, 공유해" 클리셰

---

### 타깃 유저 (독자 심사관): 74/100

**채점 항목별:**
- "내 얘기인가?": 21/25 (연애 중인 여자 타깃은 명확하나, 상황이 너무 교과서적 / 실제 미묘한 신호들은 빠짐)
- 저장하고 싶은가?: 19/25 (체크리스트 형식은 저장 가치 있지만, 해결책이 없음 — "알았으니 어떻게 하지?"의 허전함)
- 댓글 달고 싶은가?: 18/25 (공감은 하지만 의견 개입 여지가 적음 — 이미 답이 정해짐)
- 읽기 편한가?: 20/25 (길이 적절, 줄바꿈 좋지만 구체적 상황 부족으로 몰입도 낮음)

**감점:**
- 너무 일반화된 패턴 (-4점): 개인차 반영 부족, 모든 여자에게 해당하지 않음

---

### 편집장 (품질 심사관): 82/100

**채점 항목별:**
- AI slop 패턴 체크: 22/25
  
  **적발된 패턴:**
  - 패턴 #5 "모호한 귀속" (약함): 없음 ✓
  - 패턴 #11 "불필요한 유의어 순환" (약함): "자기 감정 먼저" vs "본인 기분" 약간의 중복
  - 패턴 #21 "필러 표현": "사실은"이 첫 댓글에 있음 (-2점)
  - 전반적으로 AI 냄새는 적음 (자연스러운 한국어) ✓

- 자연스러운 한국어 문체: 24/25 (매우 자연스러운 구어체, 친구가 쓴 느


--- AUDIT AT 2026-04-07T17:59:17.966Z ---
# 심사 결과 요약
**평균 점수: 62점**
**합격 여부: FAIL**

---

## 상세 심사

### Roy Lee (바이럴 심사관): 55/100

**세부 채점:**
- 50% 혐오 테스트 통과: 15/25 (연애 패턴 분류가 다소 스테레오타입적이지만, 강한 반발 각도는 약함)
- 공유 유발 요소: 18/25 (저장 권유와 "패턴 반복" 주제는 공유 가능하나, 댓글 유발이 약함)
- 논란 각도 × 브랜드 DNA: 12/25 (연애 조언이지만, 브랜드 보이스가 모호함. 단순 재미 넘어 주관적 주장 부족)
- 훅 강도: 10/25 (첫 문장 "너 연애운 분석하는 법"은 평이함. "3단계"는 예측 가능한 구조)

**감점:**
- 예측 가능한 결말 구조: -15점 (숫자놀이 → 패턴 해석 → 저장하라는 결말이 뻔함)
- "모두를 위한" 메시지: -5점 (1~9번 모두에게 설명)

---

### 타깃 유저 (독자 심사관): 68/100

**세부 채점:**
- "내 얘기인가?": 20/25 (연애 관심층에게 구체적이나, 생년월일 기반 분석은 개인화 약함)
- 저장하고 싶은가?: 22/25 (실제로 실행 가능하고 나중에 꺼낼 만함. 참고용 가치 있음)
- 댓글 달고 싶은가?: 15/25 (첫 댓글이 좋은 예시이지만, 본문만으로는 의견 표명 욕구 약함)
- 읽기 편한가?: 18/25 (줄바꿈 적절, 길이 양호이나 형식이 단조로움)

**감점:**
- 타깃의 감정을 깊이 있게 건드리지 못함: -9점

---

### 편집장 (품질 심사관): 63/100

**세부 채점:**
- AI slop 패턴 검사: 15/25

  **적발된 패턴:**
  - 패턴 #9: "너 패턴이 또 반복될 걸?" (부정 병렬 구조의 약한 형태)
  - 패턴 #11: "연애 패턴" 반복 (같은 개념 순환)
  - 패턴 #3: "-ing형 수식어" ("꺼내봐" 전후 구조는 약하지만 흐름이 딱딱함)
  - 패턴 #21: "근데 진짜" (필러 표현, 댓글에서)

- 자연스러운 한국어 문체: 18/25 (구어체 시도하나, 숫자 설명 부분이 기계적)
- 브랜드 금지 표현: 20/25 (금지 어휘는 없으나 "운세"라는 표현이 모호


--- AUDIT AT 2026-04-07T20:03:09.411Z ---
# 【심사 결과 요약】
**평균 점수:** 78점
**합격 여부:** FAIL

---

## 상세 채점

### Roy Lee (바이럴 심사관): 72/100

**채점 내역:**
- 50% 혐오 테스트 통과: 18/25점
  - "망치는 사람 vs 사는 사람" 구도는 분열 가능하지만, 약함. 더 강한 대비 필요.
- 공유 유발 요소: 20/25점
  - 저장 욕구는 중간~상 (자기 체크리스트화), 댓글 충동은 약함
- 논란 각도 vs 브랜드 DNA 일치: 16/25점
  - 브랜드가 "자기계발/연애조언" 톤으로 보이는데, 다소 일반적이고 예측 가능
- 훅 강도: 18/25점
  - 제목은 나쁘지 않지만, 첫 줄이 "말 vs 행동" 비율로 시작 → 이미 누가 많이 쓴 각도

**감점:**
- 예측 가능한 결말 (-15점): "3개월이면 달라져"는 클리셰

---

### 타깃 유저 (독자 심사관): 76/100

**채점 내역:**
- "내 얘기인가?": 22/25점
  - 구체적인 상황 건드림 (SNS 자존감, 점 봄, 타이밍 기다림) 
  - 다만 "연애 안 되는 모든 사람"을 대상 → 너무 광범위 (-3점)
- 저장하고 싶은가?: 20/25점
  - 3가지 체크리스트 형식은 저장 가치 있음
  - 하지만 "3개월이면 달라진다"는 근거 없는 보장이 신뢰도 떨어뜨림
- 댓글 달고 싶은가?: 17/25점
  - "내가 이 항목 중 어디 걸려있나?" 유도하지만, 약한 편
  - 댓글로 보류/반박할 여지 적음
- 읽기 편한가?: 17/25점
  - 길이는 적당 (7줄)
  - 하지만 번호 다음에 굵게(**말 vs 행동 비율**)로 시작하는 구조가 기계적
  - 이모지 1️⃣2️⃣3️⃣의 기계적 강조 (-5점)

**감점:** 이모지 장식 패턴 감지 (-2점)

---

### 편집장 (품질 심사관): 82/100

**AI Slop 패턴 검사:**

| # | 패턴명 | 판정 | 증거 |
|-|-|-|-|
| 7 | AI 어휘 군집 | ⚠️ 경고 | "기준 설정", "타이밍 읽기" = 대리동사 냄새 |
| 8 | 대리동사 사용 | ✅ 감지 | "기준 설정" (→ "기준을 세워") |
| 13 | 대시 남용 | ✅ 감지 | 댓


--- AUDIT AT 2026-09-18T23:43:50.830Z ---
# 【심사 결과 요약】
**평균 점수: 87/100**
**합격 여부: FAIL (재작성 필요)**

---

## 【상세 심사 내용】

### Roy Lee (바이럴 심사관): 89/100

**세부 채점:**
- 50% 혐오 테스트 통과 (25점): **24점** 
  - 금전적 선택지에서 일부(보수적 직장인)는 "현실도피"로 봄. 다만 강하진 않음.
- 공유 유발 요소 (25점): **25점** ✓
  - 댓글 유도 강함. "너넨?" 직접 질문으로 반응 극대화.
- 논란 각도와 브랜드 DNA 일치 (25점): **24점**
  - 타이밍/운/전략 선택 논란 있으나, 직장 문화 비판 날카로움은 브랜드 음성과 맞음.
- 훅이 스크롤 멈추게 하는가 (25점): **25점** ✓
  - "오늘 아침 통장에 갑자기 1억 이체됐어" → 즉각적 관심 포착.

**감점 항목:**
- 예측 가능한 결말 구조: -1점 (3지선다를 먼저 던지고 댓글이 "실제 전개"를 보여주는 구조는 신선함)

---

### 타깃 유저 (독자 심사관): 85/100

**세부 채점:**
- "내 얘기인가?" (25점): **22점**
  - 20대 후반~30대 초반 직장인(월급 200~300)에게 강하게 공감. 다만 "1억 유산" 프리미스가 모두에게 현실적이지는 않음 (-3점).
  
- 저장하고 싶은가? (25점): **21점**
  - "현실적 의사결정 시나리오"로는 저장 가치 있음. 그러나 댓글이 "결말을 이미 스포"하면서 재미성 반감 (-4점).
  
- 댓글 달고 싶은가? (25점): **25점** ✓
  - "너넨?" 직접 질문 + 댓글의 뒷이야기 구조가 극강의 댓글 반응 유도.
  
- 읽기 편한가? (25점): **25점** ✓
  - 줄바꿈 적절, 선택지 3개 시각화 명확, 8줄 적정 길이.

---

### 편집장 (품질 심사관): 87/100

**세부 채점:**
- AI slop 24패턴 검사 (25점): **23점**
  - **적발된 패턴:**
    - 패턴 #24 "Not X, It's Y 구조": "검토 필요" 이러면서" ← 약간의 불필요한 헤징
    - 패턴 #21 필러 표현: "솔직히 난 2번 선택했다가" ← 가벼운 필러 (1점 감점)
  - 대체로 깔끔함.

- 자연스러운 한국어 문체 (25점): **25점** 


--- AUDIT AT 2026-09-19T03:54:38.361Z ---
# Expert Panel — Threads 포스트 심사 결과

## 심사 결과 요약
**평균 점수: 72점**
**합격 여부: FAIL**

---

## 상세 심사 내용

### Roy Lee (바이럴 심사관): 78/100

**세부 점수:**
- 50% 혐오 테스트 통과 (25점): 23점
  - 사주 팬덤과 비팬덤 간 극명한 분열 가능성 ✓
  - 다만 "스님도 파계시킨다"는 표현이 종교 혐오로 수위 조정 필요 (-2점)
  
- 공유 유발 요소 (25점): 24점
  - "너한테도 숨겨져 있을 수도"로 자기 투사 강함 ✓
  - 댓글 자체가 이미 '확인 욕구' 보여줌 ✓
  
- 논란 각도와 브랜드 DNA 일치 (25점): 20점
  - 사주 콘텐츠의 '신비로움 + 인생 충격' 정서와 잘 맞음
  - 다만 너무 구체적 사주 개념에 의존하면 타겟 폭 좁혀짐 (-5점)
  
- 훅의 강도 (25점): 24점
  - "화개가 뭔지 알아?" 강력한 호기심 자극 ✓
  - "스님도 파계시킨다" 과장으로 임팩트 생김 (하지만 위험)

**감점 항목:**
- 브랜드 직접 언급: 없음 (0점)
- 예측 가능성: "40대 위기 → 지금 행동하라" 다소 뻔함 (-2점)

---

### 타깃 유저 (독자 심사관): 68/100

**세부 점수:**
- "내 얘기인가?" (25점): 18점
  - 사주에 관심 있는 층엔 높은 몰입감 ✓
  - 일반 직장인도 "내가 화개일 수도?"로 자기화 시도 ✓
  - 다만 **구체적 상황**이 부족 (회사생활, 40대 위기만 언급) (-7점)
  
- 저장하고 싶은 정보인가? (25점): 16점
  - 실용적 정보보다 **감정/자극 중심**
  - "화개 있으면 뭘 해야 한다"는 구체적 액션 부재 (-9점)
  
- 댓글 달고 싶은가? (25점): 22점
  - 댓글이 이미 증명: "화개 있는 애들 보면…" 검증 욕구 ✓
  - 본인 사주 풀이 요청할 가능성 높음
  
- 읽기 편한가? (25점): 24점
  - 줄바꿈 적절, 길이 8줄 (6-12 범위 OK) ✓
  - 구어체 자연스러움 ✓

**감점 항목:**
- 너무 광범위: -5점 (사주 기초 설명 생략으로 비팬은 소외)
-


--- AUDIT AT 2026-09-19T03:54:40.457Z ---
# 심사 결과 요약
**평균 점수: 78점**
**합격 여부: FAIL**

---

## 상세 채점

### Roy Lee (바이럴 심사관): 72/100

**채점 내역:**
- 50% 혐오 테스트 통과: 23/25 (이직 경험자vs미경험자 간 공감/반발 갈림)
- 공유 유발 요소: 24/25 (자신의 패턴 재인식하게 하는 강한 '아 맞다' 모멘트)
- 논란 각도 vs 브랜드 DNA: 18/25 (커리어 조언은 맞지만 점성술 해석은 브랜드 톤과 어색)
- 훅 강도: 24/25 (첫 문장 "회사가 구려서가 아니야"로 예상 깨뜨림)

**감점:**
- 점성술 언급 (#직업운 + 사주 해석): -10점 (브랜드 보이스 일관성 약화, 신뢰성 훼손)
- 예측 가능한 결말 ("악순환 깨려면…"): -5점

---

### 타깃 유저 (독자 심사관): 81/100

**채점 내역:**
- "내 얘기인가?": 24/25 (이직 경험자, 번아웃 경험자에게 매우 구체적)
- 저장하고 싶은가?: 22/25 (조직 문화 선택 기준이 실용적이나, 구체적 '체크리스트'는 부재)
- 댓글 달고 싶은가?: 21/25 (강한 공감유발이나 반박/추가 의견 여지는 적음)
- 읽기 편한가?: 22/25 (길이 OK, 그러나 문단 구분 없어 밀도 높음)

**감점:**
- 문단 나누기 부재: -4점 (연속된 문장이 시각적으로 부담스러움)

---

### 편집장 (품질 심사관): 79/100

**채점 내역:**
- AI slop 패턴: 20/25

  **적발된 패턴:**
  - 패턴#1: "아무리 높은 연봉도 판 안 맞으면" (과장된 중요성 부여)
  - 패턴#11: "느낀 게 아니라…느낀 거야" (불필요한 유의어 순환)
  - 패턴#21: "솔직히" (필러 표현 — 댓글에서)
  - 패턴#22: "일 수도 있어", "올 거야" (과도한 추측 톤)

- 자연스러운 한국어: 23/25 (구어체 좋으나 점성술 부분 어색)
- 브랜드 금지 표현: 24/25 (금지 어휘 사용 없음 ✓)
- 공식 충실: 16/25 (선택된 공식이 불분명함 — contrarian인지 warning인지 모호)

**감점:**
- AI 패턴 4개: -5점
- 공식 구조 약화: -4점

---

## 비평

**본문이 강한 훅과 구


--- AUDIT AT 2026-09-19T03:54:52.640Z ---
# 심사 결과 요약
**평균 점수: 87점**
**합격 여부: FAIL**

---

## 상세 심사

### Roy Lee (바이럴 심사관): 88/100

**채점 내역:**
- 50% 혐오 테스트 통과 (25점): **23점** 
  - 사주 신봉자 vs 비신봉자 간 분열 가능성 있음. 다만 혐오 수준까지는 미흡.
- 공유 유발 요소 (25점): **25점** ✓
  - "화개"라는 구체적 사주 개념 + "지지 1개 차이"는 저장/공유/댓글 강하게 유발
- 논란 각도와 브랜드 일치 (25점): **24점**
  - 사주 전문 계정이라면 일관성 높음. 다만 브랜드 정체성이 명확하지 않아 감점.
- 훅 강도 (25점): **25점** ✓
  - "화개 > 홍염 > 도화" 누적식 오프닝이 강력. 스크롤 멈추게 함.

**감점 항목:** 없음

---

### 타깃 유저 (독자 심사관): 85/100

**채점 내역:**
- "내 얘기인가?" (25점): **22점**
  - 화개 있는 사람에게만 극도로 구체적. 없는 사람은 "나도 혹시?" 정도로 느낌. 폭이 너무 좁음.
- 저장하고 싶은가? (25점): **21점**
  - 인사이트는 있으나(지지 1개 차이), 실제 '어떻게 활용할지'가 없어서 저장 가치 낮음.
- 댓글 달고 싶은가? (25점): **25점** ✓
  - 첫 댓글 예시처럼 "나도 화개 있어" 반응 강하게 유발. 공감 댓글 폭발 가능.
- 읽기 편한가? (25점): **25점** ✓
  - 줄바꿈 적절(7줄), 문장 단문화. 구어체로 자연스러움.

**감점 항목:** -5점 (타깃 폭이 좁음)

---

### 편집장 (품질 심사관): 87/100

**채점 내역:**
- AI slop 패턴 검사 (25점): **24점**
  - **발견된 패턴:**
    - #18 "AI 협력 흔적": "지금 생각해보니" (추가로 가짜 깨달음 느낌)
    - #22 "과도한 헤징": "~일 수도" (한 번이지만 약하게 존재)
  - 심각하진 않으나 신경쓸 점 있음. -1점

- 자연스러운 한국어 (25점): **25점** ✓
  - 친구가 쓴 구어체. "파계시킴", "미치게 하는", "선 넘으면" 모두 자연스러움.

- 브랜드 금지 표현 (25점): **25점** ✓
  - 금지 어휘(활용하


--- AUDIT AT 2026-09-19T03:54:56.825Z ---
# 심사 결과 요약
**평균 점수: 78점**
**합격 여부: FAIL**

---

## 상세 심사

### Roy Lee (바이럴 심사관): 72/100

**채점 세부:**
- 50% 혐오 테스트 통과 (25점): **22점** — "넌 기질 설계가 문제"라는 각도는 자기 탓 프레임으로 50%가 공감하지만, 나머지 50%는 "회사탓도 있지 않나"로 반박할 여지 있음. 약한 논란.
- 공유 유발 요소 (25점): **20점** — "이직이 아니라 기질 진단"은 인사이트이지만, 댓글의 "사주 봤더니"라는 우스꽝스러운 근거가 공유 충동을 약화. 저장성은 중간.
- 논란 각도 vs 브랜드 DNA (25점): **18점** — 브랜드 보이스가 명확하지 않음. 잰 톤으로 직설적이나, 반복되지 않은 일회성 메시지처럼 보임.
- 훅 강도 (25점): **12점** — "넌 자꾸 '이직'이 문제라고 생각하는데"는 약한 훅. 첫 문장이 평론가 톤이라 "이 글이 내 얘기인가?" 확신이 안 섬.

**감점 항목:**
- 브랜드 직접 언급 (-0점): 없음
- 예측 가능한 결말 (-10점): "기질 진단 → 맞는 조직 찾기"는 너무 보편적 해결책

---

### 타깃 유저 (독자 심사관): 81/100

**채점 세부:**
- "내 얘기인가?" (25점): **22점** — "회사 A, B, C 1년씩"은 매우 구체적이고 타깃 공감도 높음. 하지만 "사주"라는 요소는 타깃 범위를 좁힘 (궁합술 믿는 사람만).
- 저장하고 싶은가? (25점): **19점** — 인사이트("기질 진단")는 가치 있지만, 실행 방법이 모호함. "어떻게 기질을 진단하지?"라는 질문이 남음.
- 댓글 달고 싶은가? (25점): **23점** — 댓글 자체가 고민 공유 형태로 충동을 자극하는 구조. 본문이 질문을 던져서 댓글 유도 효과 있음.
- 읽기 편한가? (25점): **17점** — 3문장 본문은 짧지만, 문장 길이가 길고 구조가 복잡함. 줄바꿈 부족으로 답답함.

**감점 항목:**
- 길이 (-0점): 6줄 이상 12줄 이하 충족

---

### 편집장 (품질 심사관): 77/100

**채점 세부:**
- AI slop 패턴 (25점): **18점** — 
  - **패턴 7 발견** ("기질 설계", "기질


--- AUDIT AT 2026-09-19T03:55:11.300Z ---
# 심사 결과 요약
**평균 점수: 87점**
**합격 여부: FAIL (재작성 필요)**

---

## 상세 심사

### Roy Lee (바이럴 심사관): 82/100

**개별 항목:**
- 50% 혐오 테스트 통과 (25점): 23점
  - 이직 경험자는 공감, 미경험자/HR은 비판 가능 → 적절한 분극성 ✓
- 공유 유발 요소 (25점): 24점
  - 저장 + 댓글 욕구 강함. "실행력 80%인데 결재 5단계" 구체성 좋음
- 논란 각도 vs 브랜드 일치 (25점): 21점
  - **감점 사유**: "넌 실행력(식상)이" → 괄호로 자조하는 톤이 브랜드 보이스 약화
  - 자신감 있는 지적 톤으로 마무리되면 좋을 텐데 마지막 "손가락질 받는 게 문제지"는 피해자 톤
- 훅 강도 (25점): 24점
  - "네가 이직 3번 했는데도" + "회사 선택 능력이 없어서가 아니야" → 즉시 반응 유발 ✓

**감점 항목:**
- 브랜드 직접 언급 없음: 0점 감점 ✓
- 예측 가능한 결말: -10점 ("포지션 안 바꾸면 반복" → 너무 뻔함)

**Roy Lee 평가:** 훅과 공유성은 강하지만, 마지막 문장에서 피해자 톤으로 떨어지면서 브랜드 DNA(강렬한 지적)가 흐려짐.

---

### 타깃 유저 (독자 심사관): 89/100

**개별 항목:**
- "내 얘기인가?" (25점): 24점
  - 이직 경험자에게 강력한 자기확인 "아, 내 문제가 회사 선택이 아니었구나"
  - 다만 "포지션 안 바꾸고" 부분은 솔루션 부족으로 약간의 답답함 유발
- 저장하고 싶은가? (25점): 23점
  - 인사이트 명확: "실행력 80% + 결재 5단계" = 미스매치 공식
  - 그러나 '어떻게 찾지?'에 대한 액션이 없음
- 댓글 달고 싶은가? (25점): 25점
  - 공감 + 의견 표명 욕구 매우 높음 ✓ (댓글 예시도 강함)
- 읽기 편한가? (25점): 25점
  - 4줄, 간결, 단락 명확 ✓

**감점 항목:** 없음

**타깃 유저 평가:** 자기 얘기로 느끼고 댓글 욕구는 강하나, 솔루션 부족으로 저장 가치가 중간 수준.

---

### 편집장 (품질 심사관): 91/100

**개별 항목:**
- AI sl


--- AUDIT AT 2026-09-19T03:55:27.188Z ---
# 심사 결과 요약
**평균 점수: 87점**
**합격 여부: FAIL**

---

## 상세 심사

### Roy Lee (바이럴 심사관): 88/100

**채점 상세:**
- 50% 혐오 테스트 통과? (25점): **24점** — 직장인/무직/사기 피해자 등 다양한 입장에서 불편함을 느낄 여지 충분. 단, 더 강한 논란각도 가능
- 공유 유발 요소? (25점): **25점** — "15억 떨어졌다"는 픽션이 즉각 댓글/공유 욕구 유발. 선택지 구조도 강함
- 논란 각도와 브랜드 DNA 일치? (25점): **24점** — 회사/돈/인생 선택이라는 일관된 목소리지만, 브랜드 보이스가 명확하지 않음
- 훅이 스크롤 멈추게 하는가? (25점): **25점** — "월급날 통장에 15억" 첫 문장이 강력한 당사자성 + 의외성으로 즉시 멈춤

**감점 항목:** -6점
- 예측 가능한 결말: 회사/돈/고민이라는 너무 자주 본 구조 (-15점 규정 중 -6점 적용)

---

### 타깃 유저 (독자 심사관): 85/100

**채점 상세:**
- "내 얘기인가?" (25점): **22점** — 직장인이면 "1번 고르고 싶은데 2번 함"이라는 감정은 매우 구체적. 하지만 15억이라는 극단적 수치 때문에 공감도가 낮음 (현실적 거리감)
- 저장하고 싶은가? (25점): **22점** — 의사결정 프레임은 재사용 가능하지만, 내용 자체는 가볍고 일회성
- 댓글 달고 싶은가? (25점): **24점** — "너넨 몇 번?"이 댓글 반응을 강하게 유도. 선택지 구조 때문에 의견 표명 욕구 높음
- 읽기 편한가? (25점): **25점** — 문장 길이, 줄바꿈, 선택지 구조 모두 최적

**감점 항목:** -3점
- 과도한 현실성 괴리 (극단적 금액이 공감도 하락) (-3점)

---

### 편집장 (품질 심사관): 89/100

**24패턴 체크:**
✅ **금지 어휘 검사 통과** — 금지된 어휘 없음

**패턴 검사:**
- 3번 패턴 (**-ing형 수식어**): 감지 안 됨 ✅
- 8번 패턴 (**대리 동사**): 감지 안 됨 ✅
- 18번 패턴 (**AI 협력 흔적**): 감지 안 됨 ✅
- 23번 패턴 (**긍정 클리셰**): 감지 안 됨 ✅

**채점 상


--- AUDIT AT 2026-09-19T03:55:29.380Z ---
# 【심사 결과 요약】
**평균 점수: 78점**
**합격 여부: FAIL**

---

## 【상세 심사 내용】

### Roy Lee (바이럴 심사관): 82/100

**세부 채점:**
- 50% 혐오 테스트 통과 (25점): **23점** — 일부는 공감(사주의 부정확성), 일부는 반발(철학관 폄하)할 각도. 충분하지만 강하진 않음
- 공유 유발 요소 (25점): **22점** — "너 팔자가 진짜 니 팔자 맞나?" 질문은 강하나, 저장/댓글 유발은 중간
- 논란 각도와 브랜드 DNA 일치 (25점): **22점** — 신비주의 vs 데이터 주의라는 명확한 각도 있음. 다만 "의학도 아니고 종교도 아닌데" 표현이 포괄적 판단으로 보여 톤이 약해짐
- 훅의 즉각성 (25점): **15점** — "한국인 10명 중 7명은 자기 사주를 틀리게 알고 있다" 통계는 강하나, 다음 문장이 설명이라 스크롤 멈춤 효과 약함

**감점:**
- 브랜드 직접 언급 없음: 0점
- "모두를 위한" 톤 없음: 0점
- 예측 가능한 결말 ("한번 확인해 봐"): **-5점** (끝이 다소 뻔함)

**비평:** 훅은 강하나 스크롤 멈춤까지 가지 못했고, "철학관들" 폄하가 구체적 논란이 아닌 일반적 비판으로 느껴져 바이럴 강도가 중간.

---

### 타깃 유저 (독자 심사관): 75/100

**세부 채점:**
- "내 얘기인가?" (25점): **20점** — 사주를 받아본 사람, 대운을 신경 쓰는 사람에겐 직격. 하지만 사주 비관자에게는 상관없는 콘텐츠. 타깃 범위가 명확하지만 폭이 좁음
- 저장하고 싶은가? (25점): **18점** — "32분 오차가 대운 3~4년 미룬다"는 정보는 가치 있으나, 구체적 해결책(정확한 출생시간 확인법 등)이 없음. 불안감만 남음
- 댓글 달고 싶은가? (25점): **22점** — 첫 댓글처럼 "내 경험도 그랬어"식 공감 댓글을 쉽게 유발. 충분
- 읽기 편한가? (25점): **15점** — 6~12줄 범위 안에 있으나, 문단 구조가 산만함. "32분" "4주기" "60년" "12등분" 등 수치가 난무하여 독해 난이도 높음

**감점:**
- 너무 광범위: 0점 (타깃 명확)
- 6


--- AUDIT AT 2026-09-19T03:55:47.300Z ---
# 【심사 결과 요약】
**평균 점수: 15/100**
**합격 여부: FAIL**

---

## 【상세 심사 내용】

### Roy Lee (바이럴 심사관): 5/100

**채점 분석:**
- 50% 혐오 테스트 통과: 5/25 (논란각도 전혀 없음, 내부 운영 공지처럼 읽힘)
- 공유 유발 요소: 3/25 (타깃 불명확, 공유 동기 전무)
- 논란 각도 브랜드 일치: 2/25 (브랜드 직접 명시 -30점 추가 감점, "CosmicPath 신뢰도")
- 훅이 스크롤 멈추는가: 0/25 (❌ 부호로 시작하는 사과문 → 즉시 스크롤 패스)

**Roy Lee 감점 요인:**
- 브랜드 직접 언급: -30점 ("CosmicPath")
- "모두를 위한" 교육조 톤: -15점
- 예측 가능한 결말(공식 추천으로 끝남): -15점

---

### 타깃 유저 (독자 심사관): 18/100

**채점 분석:**
- "내 얘기인가?": 8/25 (CosmicPath 내부 운영진/마케터만 해당, 일반 독자에게 무의미)
- 저장하고 싶은가?: 5/25 (마케팅 공식은 있으나 구체적 액션 없음)
- 댓글 달고 싶은가?: 3/25 (선택지 제시만 있고 의견 표명 동기 약함)
- 읽기 편한가?: 2/25 (본문이 운영 메모 형식, 일반 Threads 포스트 아님)

**타깃 유저 감점:**
- 너무 광범위/내부자만 알아듣는 톤: -25점

---

### 편집장 (품질 심사관): 22/100

**채점 분석:**
- AI slop 패턴 검출: 8/25 ⚠️
  - 패턴 #1: "완전 퇴역" (과장된 중요성)
  - 패턴 #4: "신뢰도 추락", "명백한 기획서" (홍보성 어휘)
  - 패턴 #5: "오디언스 피로도" (모호한 귀속)
  - 패턴 #14: **굵은 강조 남발** (오디언스 피로도, 바넘 효과, 신뢰도 손상)
  - 패턴 #21: "사실" 함축 필러 표현

- 자연스러운 한국어: 6/25 (내부 메모 톤, "어그로", "마른내" 등 비공식적이되 Threads 톤 아님)
- 브랜드 금지 표현: 3/25 (브랜드 이름 노출 위반)
- 공식 충실: 5/25 (제시된 공식이 없고, 운영진의 "지침" 형태로만 제시)

---

## 【재작성 지시】

**핵심 문제:**
1. **


--- AUDIT AT 2026-09-19T03:56:05.221Z ---
# 【심사 결과 요약】
**평균 점수: 87점**
**합격 여부: FAIL**

---

## 상세 심사 내용

### Roy Lee (바이럴 심사관): 88/100

**채점 세부:**
- 50% 혐오 테스트 통과 (25점): **24점** — 사주/철학관 비판이 명확하지만, "나태함" 비판이 상당수 타겟(기존 철학관 신뢰자)을 불편하게 함. 50-50 분할 가능.
- 공유 유발 요소 (25점): **25점** — "내 사주도 틀렸나?" 불안감 유발, 자신의 경험과 대조하려는 욕구 강함. 댓글도 검증 욕구 표현.
- 논란 각도 vs 브랜드 일치 (25점): **23점** — 개인 계정의 '진실 폭로' 톤은 일관성 있으나, 복채 언급과 "사기다" 표현이 다소 과격. 신뢰도 vs 극단성 트레이드오프.
- 훅 강도 (25점): **24점** — "10명 중 7명" + "30분 때문" 2-punch 훅은 강력. 다만 "왜?"의 즉답이 다소 기술적이라 스크롤 유지력이 완벽하진 않음.

**감점 항목:**
- 브랜드 직접 언급: 없음 (0점 감점)
- "모두를 위한" 메시지: 없음 (0점 감점)  
- 예측 가능한 결말: -2점 (마지막 문장이 CTA로 자연스럽지만 신선함 부족)

**Roy Lee 최종: 88/100**

---

### 타깃 유저 (독자 심사관): 86/100

**채점 세부:**
- "내 얘기인가?" (25점): **23점** — 사주 본 경험이 있는 사람에겐 강력하게 공감. 하지만 사주에 관심 없는 사람에겐 전혀 무관. 타깃 범위가 '사주 경험자'로 명확하지만, 광범위함.
- 저장하고 싶은가? (25점): **22점** — "동경시 보정" 방법론이 실질적이지만, 실제 계산 방법이나 리소스(도구, 사이트)가 구체적이지 않음. "확인해봐"에서 멈춤.
- 댓글 달고 싶은가? (25점): **24점** — 첫 댓글이 이미 강한 공감 댓글로 증명. 본인의 경험 대비 포스트 내용 검증 욕구 매우 높음.
- 읽기 편한가? (25점): **25점** — 줄바꿈 적절, 길이 적당(9줄), 문장 단문 위주로 스캔하기 좋음.

**감점 항목:**
- 너무 광범위: -0점 (타깃 명확함)
- 길이: -0점 (6-12줄 범위 내)

**추가 감점:**
- "이걸


--- AUDIT AT 2026-09-19T03:56:20.910Z ---
# 【심사 결과 요약】
**평균 점수: 78점**
**합격 여부: FAIL**

---

## 상세 심사 내용

### Roy Lee (바이럴 심사관): 82/100

**항목별 점수:**
- 50% 혐오 테스트 통과: 23/25 (도덕적 회색 영역 잘 포착, 다만 논란 강도가 중간 정도)
- 공유 유발 요소: 24/25 (댓글 달고 싶은 즉각적 충동 강함)
- 논란 각도 일치: 22/25 (브랜드 톤이 약간 오버톤 없이 중립적)
- 훅 강도: 25/25 (첫 문장의 "1억 들어왔어 + 아직 아무도 모름" 완벽)

**감점 항목:**
- 예측 가능한 결말: -12점 (선택지 3개 구조가 너무 정형화된 의사결정 포맷)

**Roy Lee 총평:** 훅은 우수하나 3지선다형 구조로 인해 개성 있는 논란각이 약화됨.

---

### 타깃 유저 (독자 심사관): 75/100

**항목별 점수:**
- "내 얘기인가?": 24/25 (월급 받는 직장인의 심리 포착, 대다수 직장인이 공감)
- 저장하고 싶은가?: 18/25 (정보 가치가 약함. 댓글이 사실상 답변을 다 제시해서 포스트 자체는 토론 프레임만 제공)
- 댓글 달고 싶은가?: 24/25 (본문의 선택지가 댓글을 유발하는 구조)
- 읽기 편한가?: 25/25 (짧고 명확함)

**감점 항목:**
- 콘텐츠 깊이 부족: -8점 (포스트는 질문만 던지고 인사이트 없음. 댓글에 의존)

**타깃 유저 총평:** 토론 거리는 좋으나 포스트 자체의 가치나 학습 요소가 부재.

---

### 편집장 (품질 심사관): 72/100

**항목별 점수:**
- AI slop 패턴: 22/25
  - **적발된 패턴:**
    - #10 (인위적 3연속 나열): "냅다 퇴사 + 여행" / "기록 남기고 + 일 계속" / "신고하고 + 협상" (구조상 3가지 선택)
    - #22 (과도한 헤징): "일 수도 있어" (댓글에서)
    
- 자연스러운 한국어 문체: 24/25 (구어체 우수, 댓글이 자연스러움)
- 브랜드 금지 표현: 25/25 (금지 어휘 없음)
- 포스트 공식 충실: 21/25 (Warning 공식 기대했으나 중립 선택지 나열 구조)

**감점 항목:**
- 구조의 기계성: -6점 (선택지형 의사결정 포


--- AUDIT AT 2026-09-19T03:56:23.495Z ---
# 【심사 결과 요약】
**평균 점수: 78점**
**합격 여부: FAIL**

---

## 상세 심사 내용

### Roy Lee (바이럴 심사관): 82/100

**채점 내역:**
- 50% 혐오 테스트 (25점): 23점
  - 사주 신앙 vs 과학적 접근의 대립각이 있어서 일부는 거부감 있을 수 있음. 다만 직접적 모욕은 없음.
- 공유 유발 요소 (25점): 24점
  - "내 사주가 틀렸을 수도?" 충격이 댓글·공유 강하게 자극. 첫댓글이 공감 증거.
- 논란 각도 vs 브랜드 일치 (25점): 20점
  - 포스트 주인의 브랜드 보이스가 불명확함. 사주 비평가인지 역학 전문가인지 정체성 모호. "철학관 까기"와 "역학 데이터"의 톤이 뒤섞여 있음.
- 훅 강도 (25점): 25점
  - "한국인 10명 중 7명은 자기 사주를 잘못 알고 있어" — 매우 강력한 오프닝. 즉각 멈춤.

**감점:**
- "신비주의가 아니라 역학 데이터야" — 너무 교과서적, 예측 가능한 반전 구조 (-5점)
- 브랜드 직접 언급은 없으나 권위 인상 강함

---

### 타깃 유저 (독자 심사관): 76/100

**채점 내역:**
- "내 얘기인가?" (25점): 22점
  - 타깃: 자신의 사주가 맞는지 의심해본 사람, 점집 경험이 있는 사람
  - 구체적 공감: "정확한 시간을 받았는데도 결과가 빗나갔다" 경험자에게는 매우 와닿음
  - 다만 "한국인 10명 중 7명"은 너무 광범위해서 나머지 3명은 배제된 느낌
- 저장하고 싶은가? (25점): 20점
  - 유용한 인사이트: "생년월일시의 정확한 시간 확인"이 실질적 행동 아이템
  - 다만 구체적 해결책(어디서 확인할지, 어떻게 수정할지)이 없어서 불완전함
- 댓글 달고 싶은가? (25점): 23점
  - 첫댓글이 강한 공감 댓글임으로 증명됨. "너넨 정확한 시간 알고 있어?"라는 화제 유발 성공.
- 읽기 편한가? (25점): 21점
  - 길이 적절 (약 9줄)
  - 다만 중간 문단("32분 차이면...")이 호흡이 길고 밀집되어 가독성 소폭 하락

**감점:**
- "수십만 원 복채" — 너무 비난적 톤이 타깃층 일부(사주 믿


--- AUDIT AT 2026-09-19T03:56:35.111Z ---
# 심사 결과 요약
**평균 점수: 72점**
**합격 여부: FAIL**

---

## 상세 심사 내용

### Roy Lee (바이럴 심사관): 65/100

**개별 항목:**
- 50% 혐오 테스트 통과 (25점): **20점** — 선택지가 명확해서 의견 분기가 있지만, "정답이 3번"이라는 암묵적 틀이 있어 논란 각도가 약함
- 공유 유발 요소 (25점): **18점** — 댓글 욕구는 있으나, 본문이 짧고 담담해서 저장/공유 동기가 약함
- 논란 각도와 브랜드 DNA 일치 (25점): **15점** — 브랜드 보이스 불명확; 재정 조언인지 심리 분석인지 헷갈림
- 훅이 스크롤 멈추는가 (25점): **12점** — "15억 들어왔어"는 주목하지만, 선택지 구조가 너무 뻔해서 즉각 반응이 약함

**감점:** -10점 (예측 가능한 결말 — "3번이 제일 낫다"는 이미 댓글에서 노출됨)

---

### 타깃 유저 (독자 심사관): 71/100

**개별 항목:**
- "내 얘기인가?" (25점): **20점** — 큰 돈을 받은 상황이 구체적이지만, 타깃층이 너무 좁음 (실제로 15억 받는 사람은 극소수)
- 저장하고 싶은가? (25점): **16점** — 의사결정 프레임은 유용하지만, 깊이 있는 인사이트나 실용 정보 부족
- 댓글 달고 싶은가? (25점): **22점** — 의견 표명 욕구 높음 (본인의 선택지 공유하고 싶음)
- 읽기 편한가? (25점): **13점** — 본문이 너무 짧음 (3줄 미만); 댓글은 충분하지만 포스트 본문만으로는 미흡

---

### 편집장 (품질 심사관): 79/100

**개별 항목:**
- AI slop 패턴 검사 (25점): **22점** — 패턴 24는 비교적 깨끗하나, 패턴 21 감지 ("솔직히")
- 자연스러운 한국어 문체 (25점): **22점** — 구어체 잘 살림 ("냅다", "ㅋㅋㅋ"), 자연스러움
- 브랜드 금지 표현 미사용 (25점): **20점** — 금지 어휘 없음 (✓), 하지만 의사결정 태그 사용이 명확하지 않음
- 포스트 공식 충실 (25점): **15점** — 공식 선택 불명확; "contrast/decision" 공식인데, 구조가 느슨함

**감점:** -8점 (필러 표현 "솔직히" 포함; 본문 길이 미흡으로 공식 구조


--- AUDIT AT 2026-09-19T03:56:39.239Z ---
# 【심사 결과 요약】
**평균 점수: 76점**
**합격 여부: FAIL**

---

## 상세 심사 내용

### Roy Lee (바이럴 심사관): 72/100

**세부 채점:**
- 50% 혐오 테스트 통과 (25점): **23점** | 철학관 업계에 대한 비판이 명확하고 일부는 반발할 여지 있음. 다만 "나태함으로 밥 먹는다"는 표현이 약간 직설적이라 완전한 50% 분열은 아님.
- 공유 유발 요소 (25점): **20점** | 댓글 유발은 강함(첫 댓글이 증거). 하지만 저장/공유 동기는 약함. 정보성은 있으나 실제 행동까지 유도하진 못함.
- 논란 각도와 브랜드 DNA 일치 (25점): **20점** | 브랜드가 명확하지 않음. "역학 데이터"라는 키워드로 과학적 접근을 하려 하지만, 사주는 신비주의 영역이라 긴장이 떨어짐.
- 훅의 스크롤 정지력 (25점): **24점** | "10명 중 7명" + "30분 틀림" 통계는 강력. 🚨 이모지도 눈에 띔. 매우 좋음.

**감점:**
- "신비주의가 아니라 역학 데이터야" → 예측 가능한 결말 (-15점 적용 중)

---

### 타깃 유저 (독자 심사관): 74/100

**세부 채점:**
- "내 얘기인가?" (25점): **18점** | 사주 본 경험이 있는 사람에게만 핵심. 그 외 다수는 무관심. 타깃이 너무 좁음. "나는 사주를 안 본다"는 사람에게는 텍스트가 설득력이 0.
- 저장하고 싶은가? (25점): **20점** | "32분 차이" 팩트는 저장할 만함. 하지만 "어떻게 해야 하는가"는 없음. 정보만 있고 액션이 없어서 저장 후 재방문 동기 약함.
- 댓글 달고 싶은가? (25점): **22점** | 첫 댓글이 이미 "내 경험 공유" 형태로 달렸음. 따라서 댓글 유발력은 입증됨. 하지만 대화의 깊이는 얕음.
- 읽기 편한가? (25점): **21점** | 8줄 적절한 길이. 줄바꿈 명확. 다만 "오후 2시라고 생각했는데 실제론 2시 32분이라면?" 부분은 약간 길어서 가독성 저하.

**감점:**
- 없음 (길이 6-12줄 범위 내)

---

### 편집장 (품질 심사관): 82/100

**AI Slop 24패턴 체크:**
✅ 통과 (24패턴 검출 안 됨)

**세부


--- AUDIT AT 2026-09-19T03:56:49.324Z ---
【심사 결과 요약】
평균 점수: 82
합격 여부: FAIL

---

## 상세 심사 내용

### Roy Lee (바이럴 심사관): 78/100

**채점 세부:**
- 50% 혐오 테스트 (25점) → 20점
  - 금융 빚 상황은 누구나 공감하지만, "연장 받음 vs 현금서비스 vs 무시" 선택지가 너무 균등함
  - 명확한 "절반이 싫어할" 각도 부재 (공감은 있으나 논란 X)
  
- 공유 유발 요소 (25점) → 22점
  - 댓글 유발은 강함 (선택지에 답하게 만드는 구조)
  - 공유는 약함 (개인 재정 문제라 민감함)
  
- 논란 각도와 브랜드 일치 (25점) → 19점
  - 브랜드 DNA가 불명확함 (금융 조언? 유머? 공감?)
  - "연장 신청"의 위험성을 건드리지만, 첫 댓글 없었으면 약했을 것
  
- 훅 강도 (25점) → 17점
  - "월급날 전날 카드값 폭탄"은 좋은 훅
  - 하지만 "넌 어떻게 할 거야?"가 너무 평이함 (더 자극적으로: "월급날 전날 카드값 폭탄. 3개월 뒤 빚이 130% 됨" 같은 구체성 필요)

**감점:**
- 브랜드 직접 언급은 없음 (0점)
- "모두를 위한" 톤은 없음 (0점)
- 결말이 약간 예측 가능 (-8점)

---

### 타깃 유저 (독자 심사관): 85/100

**채점 세부:**
- "내 얘기인가?" (25점) → 24점
  - 월급 대기 중 카드 문제는 Z~밀레니얼 직장인에게 정확함
  - 다만 "모든 상황"이 아니라 "신용카드 문제" 특정층만 반응
  
- 저장하고 싶은가? (25점) → 20점
  - 첫 댓글의 "130%" 계산이 유용 정보
  - 포스트 본문만으로는 새로운 인사이트 부족
  
- 댓글 달고 싶은가? (25점) → 23점
  - 3개 선택지 구조가 의견 표명 강제함
  - 댓글 시스템 활성화 좋음
  
- 읽기 편한가? (25점) → 18점
  - 줄바꿈/구조는 양호
  - 하지만 "연장 신청하고 다음 달에 갚음"이 너무 간단 설명 (-7점)

**감점:**
- 너무 광범위 느낌: 없음
- 길이 6-12줄 범위: 준수

---

### 편집장 (품질 심사관): 82/100

**채점 세부:**
- AI slop 패턴 검사 (25


--- AUDIT AT 2026-09-19T03:56:57.059Z ---
# 심사 결과

**평균 점수: 15점**
**합격 여부: FAIL**

---

## 상세 심사 내용

### Roy Lee (바이럴 심사관): 5/100

**감점 사유:**
- 훅이 완전히 무너짐: "잠깐, 그 공식은 이미 퇴역됨"은 스크롤 멈추게 하지 못하고 혼란만 유발 (-25점)
- 브랜드 직접 언급 + 광고성 강함: "브랜드 가이드", "2026-08-31", "6,980점" 등 내부 문서 노출 (-30점)
- 모두를 위한 메시지: 특정 도메인(사주/브랜드 내부자)만 이해 가능 (-20점)
- 예측 가능한 결말: "이 3개 중 어느 걸로 쓸래?" 선택지 제시는 대화형이지 바이럴이 아님 (-15점)
- 논란 각도 없음: 주장이 아니라 공지 (-5점)

---

### 타깃 유저 (독자 심사관): 8/100

**감점 사유:**
- "내 얘기인가?": 사주 업계 종사자도 아닌 한 일반 독자는 완전 소외됨 (-25점)
- 저장 의욕 제로: 기술 부채/레거시 공지일 뿐 인사이트 없음 (-25점)
- 댓글 욕구 없음: "지정해줘"는 명령형이라 대화 아닌 지시 (-20점)
- 가독성은 나쁘지 않음 (+5점)
- 길이는 적절 (8줄, 6-12줄 범위 충족)

---

### 편집장 (품질 심사관): 37/100

**AI Slop 패턴 적중:**
- ✗ 패턴 #2: "연구에 따르면" 없지만 **근거 없는 내부 지시로 대체** ("명시돼 있어")
- ✗ 패턴 #5: "한국 사주계가", "업계에서는" 모호한 귀속
- ✗ 패턴 #8: "역할을 합니다" 류는 없지만 **"교차 검증" "유효성 검증됨"** = 대리 동사
- ✗ 패턴 #13: 대시(—) 남용 (3개 사용)
- ✗ 패턴 #18: "구체적으로 지정해줘. 그럼 가이드라인 완벽 준수하는 포스트 만들 게" = AI 협력 흔적

**문체:**
- 금지 어휘: "활용하다", "효율", "유효성" 사용 (-10점)
- 구어체인 척하지만 내부 용어 남발로 부자연스러움 (-5점)

**공식 불충실:**
- "warning/contrarian" 공식이 아닌 **내부 프로세스 문서**처럼 보임

---

## 최종 판정

**이 포스트는 Threads 바이럴 콘텐츠가 아닙니다.**

→ **내부 커


--- AUDIT AT 2026-09-19T03:57:05.656Z ---
# 【심사 결과 요약】
**평균 점수: 87점**
**합격 여부: FAIL**

---

## 【상세 심사 내용】

### Roy Lee (바이럴 심사관): 82/100

**채점 내역:**
- 50% 혐오 테스트 통과 (25점): **23점** - 직장인 선택지에서 일부는 공감하지만, "화병 입원"은 다소 자극적이나 명백한 혐오는 아님
- 공유 유발 요소 (25점): **24점** - 댓글 욕구 강함 (실제 댓글 좋음), 저장/공유도 유도됨
- 논란 각도와 브랜드 일치 (25점): **20점** - 돈vs자유 논란 있으나, 직장 선택 조언글이 되면서 브랜드 보이스가 중립적으로 흐릿해짐
- 훅 강도 (25점): **25점** - "갑자기 팀장이 1천만원" 오프닝이 즉각적 집중력 확보

**감점:**
- 예측 가능한 결말 -5점 (3번 선택지가 뻔함)
- 브랜드 직접 언급 없음 (감점 안 함)

**평가:** 훅과 참여 욕구는 강하나, 번아웃 내용이 무겁게 느껴져 바이럴의 가벼운 톤과 불일치. 명확한 입장이 필요.

---

### 타깃 유저 (독자 심사관): 86/100

**채점 내역:**
- "내 얘기인가?" (25점): **24점** - 직장인의 구체적 딜레마를 건드림. 다만 "스타트업 멘탈 터짐"은 지나치게 일반화됨
- 저장하고 싶은가? (25점): **21점** - 의사결정 프레임은 유용하나, 깊이 있는 인사이트나 구체적 기준(연봉 vs 워라밸 트레이드오프 수식) 부재
- 댓글 달고 싶은가? (25점): **24점** - 3개 선택지 중 "너넨 뭐 고를래?"가 직접적 상호작용 유도
- 읽기 편한가? (25점): **25점** - 번호 나열, 짧은 문단, 이모지 불필요 미사용으로 깔끔함

**감점:**
- 타깃 범위가 다소 넓음 (신입~중년 직장인) -5점, 하지만 치명적이진 않음

**평가:** 공감도는 높으나 실질적 조언의 무게가 가벼움. "1번 선택 후 입원"은 재미지만 의사결정에 실질적 도움 안 됨.

---

### 편집장 (품질 심사관): 90/100

**채점 내역:**
- AI slop 패턴 (25점): **24점** - AI 냄새 거의 없음. 다만 "활용하다" 미사용, "다양한" 미사용 등 긍정적. 
  - 미감지 패턴


--- AUDIT AT 2026-09-19T03:57:14.604Z ---
# 심사 결과

**평균 점수: 87/100**
**합격 여부: FAIL** (90점 이상 필수)

---

## 상세 채점

### Roy Lee (바이럴 심사관): 88/100

**세부 평가:**
- 50% 혐오 테스트: 23/25 (사주 신봉자 vs 과학적 접근 층 분화 명확. 다만 "가짜 예측" 표현이 너무 직설적)
- 공유 유발 요소: 24/25 (댓글 폭발 가능성 높음. 첫 댓글이 공감 확장 중)
- 브랜드 논란 일치성: 25/25 (의사결정 카테고리와 정확히 맞음)
- 훅 강도: 23/25 (🚨+통계는 강하나 "자기 사주를 잘못 알고"는 구체성 부족)

**감점:**
- 없음

---

### 타깃 유저 (독자 심사관): 85/100

**세부 평가:**
- "내 얘기인가?": 22/25 (사주에 관심 있는 사람에게만 고도로 개인화. 비관심층은 진입장벽 높음)
- 저장 가치: 20/25 (정보성 있으나 "정확한 시간대 확인 방법"이 구체적으로 제시되지 않아 실행성 낮음)
- 댓글 충동: 24/25 (첫 댓글이 명품. 본문도 마지막 질문으로 댓글 유도 우수)
- 가독성: 19/25 (**감점 -10**: 본문 7줄로 최소 기준 충족하나, 문단 구분이 2개로 길어 보임. 원래는 6-12줄인데 정확히 경계선)

---

### 편집장 (품질 심사관): 86/100

**세부 평가:**
- AI slop 패턴: 20/25 
  - **적발된 패턴:**
    - 패턴 #1: "대수냐고? 사주는 4주 8자인데" → 과장된 중요성 (-3점)
    - 패턴 #13: 대시(—) 2개 사용 ("그런데 지금", "더 황당한 건") → 경계선 (-2점)
    - 패턴 #21: "신비주의가 아니라 데이터잖아" → 필러 표현은 아니나 수사학 강도 높음
  
- 자연스러운 한국어: 24/25 (구어체 우수. "넌", "야", "ㅋㅋㅋ" 첫 댓글과 톤 맞음)
- 금지 어휘 준수: 23/25 
  - "활용하다" 없음 ✓
  - "다양한" 없음 ✓
  - "효과적인" 없음 ✓
  - "~해야 합니다" 없음 ✓
  - 의심 표현: "더 구체적 수치 필요" (시간대 30분 제시는 좋으나 "90%" 근거 없음) (-2점)

- 공식 충실: 22/25 (warning


--- AUDIT AT 2026-09-19T03:57:32.488Z ---
# 【심사 결과 요약】
**평균 점수: 92점**
**합격 여부: PASS**

---

## 상세 심사 내용

### Roy Lee (바이럴 심사관): 94/100

**세부 채점:**
- 50% 혐오 테스트 통과 (25점): 25점 ✅
  - "면접 강의 100개 듣는 것보다" vs 면접학원/코치를 불신하는 층 존재 → 공유/반박 욕구 강함
  
- 공유 유발 요소 (25점): 25점 ✅
  - "물에 빠져서 수영 강의 듣는 거랑 같아" 메타포가 강력 → 저장/공유 매우 높음
  
- 논란 각도가 브랜드 DNA와 일치 (25점): 24점 ⚠️
  - "지금 부서 이동 신청" 조언이 모든 회사 상황에 적용 불가 (스타트업/소규모 제외) → 약간의 일반화 오류
  
- 훅이 스크롤을 멈추게 하는가 (25점): 25점 ✅
  - 첫 문장 "넌 지난 3년간 번아웃으로 눈빛이 죽었기 때문이야" 즉각적 자기 인식 유발

**감점 사항:** 
- 부서 이동 조언의 보편성 부족 -1점

---

### 타깃 유저 (독자 심사관): 91/100

**세부 채점:**
- "내 얘기인가?" (25점): 25점 ✅
  - 이직 스트레스 + 번아웃 경험자의 구체적 심리 상태("눈빛이 죽었다", "손가락 떨림") 정확히 묘사
  
- 저장하고 싶은가? (25점): 23점 ⚠️
  - 실질적 행동 지침("2주일 퇴사 유급휴가", "부서 이동 신청")은 있으나, 번아웃 회복 구체적 방법론 다소 부족 (헬스장만 언급, 다른 방법 미제시)
  
- 댓글 달고 싶은가? (25점): 24점 ⚠️
  - 강한 반박/공감 유발하지만, 첫 댓글이 이미 "동의+경험담" 형태라 추가 의견 여지 약간 적음
  
- 읽기 편한가? (25점): 25점 ✅
  - 줄바꿈 적절, 길이 9줄(권장 6-12줄), 구어체 자연스러움

**감점 사항:**
- 해결책의 다양성 부족 -2점

---

### 편집장 (품질 심사관): 89/100

**AI Slop 24패턴 체크:**

✅ **통과한 항목:**
- 절대 금지 어휘: 모두 회피 (활용X, 다양한X, 혁신X, 중요합니다X)
- 자연스러운 구어체 유지
- 대리 동사 최소화
- 필러 표현 제한


--- AUDIT AT 2026-09-19T03:57:32.491Z ---
# 심사 결과 요약
**평균 점수:** 28/100  
**합격 여부:** FAIL ❌

---

## 상세 심사 내용

### Roy Lee (바이럴 심사관): 15/100

**채점 근거:**
- 50% 혐오 테스트 통과: 5/25 (사주 기반 이직 조언은 극도로 편향적이나, 타깃이 매우 제한적이고 일반 대중에게는 황당함으로 보일 수 있음)
- 공유 유발 요소: 8/25 (저장 요청이 있으나 약함)
- 논란 각도와 브랜드 DNA 일치: 0/25 (브랜드가 명확하지 않고, 사주라는 소재 자체가 비과학적이어서 신뢰도 크래시)
- 훅의 스크롤 정지력: 2/25 ("피해야 할 함정"은 약한 훅이고, 사주 언급으로 즉시 이탈 위험)

**감점:**
- 브랜드 직접 언급 없으나 **사주 전문성 미표시**로 신뢰 부족: -10점
- 예측 가능한 결말(후회→저장→공유): -15점

**비평:** 사주 기반 이직 조언은 극소수 타깃에만 어필하고 대다수 독자에겐 신뢰성 제로라 바이럴 불가능.

---

### 타깃 유저 (독자 심사관): 35/100

**채점 근거:**
- "내 얘기인가?": 18/25 (사주 신봉자에겐만 해당, 일반 이직 예정자 90%는 배제됨)
- 저장하고 싶은가?: 10/25 (실질적 이직 정보 부족—월급 계산은 구체적이나 나머지는 신비주의)
- 댓글 달고 싶은가?: 5/25 (사주 검증 불가라 의견 제시 어려움)
- 읽기 편한가?: 2/25 (6줄 이상 12줄 이하 충족하나, 문장이 겹침: "타이밍 한 번 나쁘게 점 친 거 다 재작업이야" — 의미 불명)

**감점:**
- 너무 광범위하진 않으나 **사주 신봉자만 해당**이라 타깃 배제: -20점
- 가독성 문제(문장 오류 "다 재작업이야"): -5점

**비평:** 타깃이 극도로 제한적(사주 신봉 이직 예정자)이고, 일반 이직자에겐 공감 불가.

---

### 편집장 (품질 심사관): 25/100

**채점 근거:**
- AI Slop 24패턴: 12/25 ⚠️

  **적발된 패턴:**
  - ✗ **패턴 1:** "100% 후회함" (과장된 중요성, 근거 없는 확률)
  - ✗ **패턴 2:** "진짜 멘탈 깨짐" (극단적 표현, 미검증)
  -


--- AUDIT AT 2026-09-19T03:57:51.763Z ---
# 【심사 결과 요약】
**평균 점수: 87점**
**합격 여부: FAIL**

---

## 상세 채점

### Roy Lee (바이럴 심사관): 85/100

**채점 내역:**
- 50% 혐오 테스트 통과 (25점): **23점** — "이직 경험 있는 vs 없는" 분열 있지만, 신입/경력 모두 공감하는 중립성 있음. 다만 "무시당함" 표현이 약함.
- 공유 유발 요소 (25점): **25점** ✓ — 저장/공유 강력. "해당되면 저장해. 주변에 이직 중인 후배 있으면 공유해줘"로 명시적 행동 유도.
- 논란 각도 ↔ 브랜드 DNA (25점): **22점** — 경고/현실주의 톤은 일관성 있으나, "법으로 최소 2주"는 논란각도를 약화시킴 (도덕적 설득이 아닌 법적 정보로 변함).
- 훅 강도 (25점): **15점** — "잠깐. 넌 지금 3가지 중 하나 이상 놓친 게 있어"는 decent하지만, 첫 1줄이 약함. "면접 합격장 받고 바로 퇴사?" 정도로 더 임팩트 필요.

**감점:**
- 예측 가능한 결말 (-5점): "현실적으로 대비하면 존버 기간도 버틸 수 있어" = 전형적인 희망 메시지
- 약한 논란 각도 (-5점)

**Roy Lee 최종: 85점**

---

### 타깃 유저 (독자 심사관): 88/100

**채점 내역:**
- "내 얘기인가?" (25점): **24점** — 이직 예정자에게 매우 구체적 (급여 공백, 무시당함, 카드값). 다만 "현직 직장인" 범위가 너무 넓어 모두에게 해당하진 않음.
- 저장하고 싶은가? (25점): **25점** ✓ — "카드값 15만 원대 떨어진다", "첫 달은 13일 입금" 같은 구체적 실제 팁. 나중에 쓸 정보 명확.
- 댓글 달고 싶은가? (25점): **24점** — 댓글 유도 강함 ("해당되면 저장해", "공유해줘"). 첫 댓글도 "나도 당했어" 형태로 공감 반응 나옴.
- 읽기 편한가? (25점): **15점** — **문제 발견**: 본문이 9줄로 권장 범위(6-12줄)에 in하지만, 각 포인트가 길고 밀도가 높아 한 번에 읽기 버거움. 문장이 길고 "-"로 나뉜 부분이 많음.

**감점:**
- 포스트 길이/가독성 (-10점): 줄바꿈 부족, 문단 간 호흡 짧음

**타깃 유저 최종:


--- AUDIT AT 2026-09-19T03:58:09.758Z ---
# 【심사 결과 요약】
**평균 점수: 87점**
**합격 여부: FAIL**

---

## 상세 심사 내용

### Roy Lee (바이럴 심사관): 88/100

**채점 내역:**
- 50% 혐오 테스트 통과? (25점): **24점** — "그 회사가 너를 아는 게 아니라"는 직설적 논쟁 각도가 있지만, 현직자들에게는 찌르는 감각이 부족함. 좀 더 예각적일 수 있음.
- 공유 유발 요소 있음? (25점): **25점** — 댓글에서 본인 경험 덧붙이고 싶게 만듦. 공감 + 반박 욕구 동시 유발 ✓
- 논란 각도가 브랜드 DNA와 일치? (25점): **23점** — 이직 조언은 일관성 있으나, "#이직고민" 해시태그가 너무 뻔하고 직설적. 더 불편한 진실로 마무리했어야 함.
- 훅이 스크롤을 멈추게 하는가? (25점): **25점** — "자, 진짜 얘기 좀 하자"의 오프닝은 강력 ✓

**감점 항목:** -1점 (약간의 예측 가능성)

---

### 타깃 유저 (독자 심사관): 86/100

**채점 내역:**
- "내 얘기인가?" (25점): **25점** — 이직 고민자의 심리를 정확히 저격. "인정받는 감각을 잃을까봐"는 구체적 감정 ✓
- 저장하고 싶은가? (25점): **21점** — 인사이트 자체는 저장할 가치가 있지만, 조언이 다소 추상적('정체야' 이후 구체적 action item 부족)
- 댓글 달고 싶은가? (25점): **25점** — 첫 댓글이 이미 본인 경험을 전개할 정도로 충동을 잘 유발 ✓
- 읽기 편한가? (25점): **24점** — 길이와 줄바꿈은 좋으나, 중간에 문장이 다소 길어지는 구간 있음 (예: "다른 곳에서 너를 모르는 이유는..." 문장)

**감점 항목:** -4점 (약간의 낮은 actionability)

---

### 편집장 (품질 심사관): 86/100

**채점 내역:**
- AI slop 패턴 없음? (25점): **23점** 
  - **금지 어휘 발견:**
    - ❌ "쓸모 있는" (자체는 OK지만 수동적 표현)
    - ⚠️ "정체야" (직설적이나, "멈춰있는 거야"가 더 자연스러움)
  - 패턴 7번 위반: **부정 병렬 구조** → "그 회사가 너를 아는 게 아니라, 너가 거기서만 '쓸모 있는 사람'인 거야" (→ "너는 거기서


--- AUDIT AT 2026-09-19T03:58:12.831Z ---
# 심사 결과 요약
**평균 점수: 35점**
**합격 여부: FAIL**

---

## 【상세 심사 내용】

### Roy Lee (바이럴 심사관): 28/100

**감점 내역:**
- 50% 혐오 테스트: 10점 (특정 대상 없음, 중립적 기술)
- 공유 유발 요소: 8점 (혼란스러움만 있고 명확한 감정 트리거 부재)
- 논란 각도 브랜드 일치: 5점 (브랜드 보이스 자체가 모호함)
- 훅 강도: 5점 (과도한 정보량, "폐기" 선언이 오히려 혼란 유발)

**추가 감점:**
- 브랜드 직접 언급 느낌: -20점 ("현행 3대 웻지" = 자사 분류 강요)
- 예측 가능한 결말: -15점 (선택지 3개 제시 후 "지정하면 쓸게" 클리셰)
- 모두를 위한 메시지: -10점 (너무 광범위한 직장인 대상)

---

### 타깃 유저 (독자 심사관): 22/100

**감점 내역:**
- "내 얘기인가?": 5점 (구체적 페인 포인트 없음, "2026-09-05 퇴역" 같은 임의 날짜가 공감을 차단)
- 저장하고 싶은가?: 3점 (실질적 인사이트 부재, "어떤 웻지 쓸래?"는 선택지만 던짐)
- 댓글 달고 싶은가?: 8점 (웻지 선택 자체가 수동적, 댓글 욕구 없음)
- 읽기 편한가?: 6점 (강제로 끊긴 문단, 급박한 톤이 가독성 방해)

**추가 감점:**
- 너무 광범위: -12점 (이직, 번아웃, 연애, 창업까지 모두 포함 = 아무도 내 얘기가 아님)

---

### 편집장 (품질 심사관): 51/100

**AI Slop 24패턴 적발:**

| 패턴 | 위치 | 증거 |
|------|------|------|
| 3번: -ing형 수식어 남발 | 전체 | "유발", "재진단" 동명사체 반복 |
| 5번: 모호한 귀속 | 본문 | "오디언스 피로도 누적" (근거 없음) |
| 12번: 가짜 범위 제시 | 웻지 설명 | "3만~12만 뷰" (의미 없는 스펙트럼) |
| 13번: 대시 남용 | "초기 런칭 검증(6,980점) 이후 **오디언스 피로도**" | 200자 내 대시 과다 |
| 18번: AI 협력 흔적 | 마지막 문장 | "지정해주면 바로 쓸게!" (도움 제공 톤) |
| 24번: "Not X, It's Y" 구조 |


--- AUDIT AT 2026-09-19T03:58:30.329Z ---
# 【심사 결과 요약】
**평균 점수: 72점**
**합격 여부: FAIL**

---

## 【상세 심사 내용】

### Roy Lee (바이럴 심사관): 68/100

**채점 세부:**
- 50% 혐오 테스트 통과 (25점): **20점** 
  - 사주 신뢰도 낮은 집단(스킵틱)은 반감, 신뢰하는 집단은 공감 → 분극 가능 BUT 너무 약함
  
- 공유 유발 요소 (25점): **18점**
  - "내 사주가 틀렸나?" 자극은 있으나, 실제 행동(재계산)은 진입장벽 높음
  - 저장/공유보다 불안감 유발 수준
  
- 논란 각도 ↔ 브랜드 DNA (25점): **15점**
  - "철학관이 돈만 번다" 비판은 강하지만, **자신의 브랜드 정체성 불명확**
  - 누가 이걸 쓰는 건가? (철학관? 개혁자? 회의론자?) → 혼동
  
- 훅 (25점): **15점**
  - "한국인 10명 중 7명은 자기 사주를 잘못 알고 있다" → 통계 근거 없고 예측 가능
  - "왜냐고? 시간이 틀렸기 때문이다" → 흔한 반전 구조

**감점:**
- "신비주의가 아니다. 이건 천문학 데이터다" → 다소 광고/선동 느낌: **-5점**
- 예측 가능한 "오차 → 운세 반전" 결말: **-15점**

---

### 타깃 유저 (독자 심사관): 71/100

**채점 세부:**
- "내 얘기인가?" (25점): **20점**
  - 사주 믿는 사람들의 *구체적 상황* (엄마 기억, 호적상 시간)은 매우 구체적 ✓
  - BUT 실제 출생 시간을 정확히 아는 사람은 소수 → "나도 해볼까?" 동기 약함
  
- 저장하고 싶은가? (25점): **18점**
  - "32분 오차" 정보 자체는 저장 가치 있음
  - BUT 구체적 *계산 방법*이 없어서 실행 불가능 → 정보로서 불완전
  
- 댓글 달고 싶은가? (25점): **22점**
  - 첫 댓글이 이미 증명: "내 경험" 공유 욕구 강함 ✓
  - 찬/반 의견 충돌 가능성 높음 ✓
  
- 읽기 편한가? (25점): **21점**
  - 7줄 + 해시태그 → 길이 적절 ✓
  - 논리 전개 명확 ✓
  - 다만 기술적 설명("동경시 환산")이 갑자기 나와서 약간 어색

---

### 편집장 (품질 심사관): 77/100


--- AUDIT AT 2026-09-19T03:58:47.245Z ---
# 심사 결과 요약
**평균 점수: 76점**
**합격 여부: FAIL**

---

## 상세 심사 내용

### Roy Lee (바이럴 심사관): 72/100

**세부 채점:**
- 50% 혐오 테스트 통과: 20/25 (점집/철학관을 폄하하는 각도는 있으나, 강도가 약함)
- 공유 유발 요소: 22/25 (오차 지적은 흥미롭지만, 댓글 유발 각도 약함)
- 논란 각도 vs 브랜드 일치: 15/25 (**감점: -15** — 포스트의 브랜드가 명확하지 않아 일관성 평가 어려움)
- 훅 강도: 18/25 (수치("10명 중 7명", "32분", "8개 주기")는 강력하지만, 첫 문장이 약간 예측 가능함)

**감점 사유:**
- 브랜드 DNA 불명확 (사주 팔러인가? 신뢰성 추구자인가?)
- "관행이다", "챙기는 게" 표현은 비판적이나, 충분히 도발적이지 못함

---

### 타깃 유저 (독자 심사관): 78/100

**세부 채점:**
- "내 얘기인가?": 20/25 (사주 본 경험이 있는 사람에겐 공감. 하지만 타깃 범위가 너무 넓음 — 신빙성 추구자? 후회 경험자? 사주 초심자?)
- 저장하고 싶은가?: 19/25 (32분 오차 = 실용 데이터로서 가치 있음. 다만 "어떻게 정정하는지" 정보 부족)
- 댓글 달고 싶은가?: 17/25 (첫 댓글이 이미 "나도 이랬어" 수준의 공감 댓글로 포화. 더 강한 의견 충돌 없음)
- 읽기 편한가?: 22/25 (4문단, 줄바꿈 적절. 다만 3번째 문단 "관행이다"부터 톤이 약간 진중해짐)

**감점 사유:**
- 타깃 정의 불명확: 사주 신뢰자? 회의자? 데이터 중심 소비자?

---

### 편집장 (품질 심사관): 82/100

**AI Slop 24패턴 체크:**

| 패턴 | 발견 여부 | 해당 표현 |
|------|---------|---------|
| 1. 과장된 중요성 | ✅ 발견 | "절대 안 잡기" (약함) |
| 2. 근거 없는 권위 | ❌ 안 함 | — |
| 3. -ing형 수식어 남발 | ❌ 안 함 | — |
| 4. 홍보성 어휘 | ❌ 안 함 | — |
| 5. 모호한 귀속 | ❌ 안 함 | — |
| 6. 역경→극복 공식 | ❌ 안 함 | —


--- AUDIT AT 2026-09-19T03:59:05.568Z ---
# 【심사 결과 요약】
**평균 점수: 87점**
**합격 여부: FAIL**

---

## 상세 심사

### Roy Lee (바이럴 심사관): 82/100

**채점 내역:**
- 50% 혐오 테스트 통과 (25점): 22점
  - 사주 신봉자 vs 회의자 분열 각도 명확 (좋음)
  - 다만 철학관 비판이 다소 약함 (철학관 모두가 무능한 것처럼 보일 수 있음)

- 공유 유발 요소 (25점): 25점 ✓
  - "니 출생시간 진짜 정확해?" 강렬한 훅
  - 본인 확인 욕구 + 피해의식 자극 → 저장/공유 욕구 높음

- 논란 각도와 브랜드 DNA 일치 (25점): 23점
  - 사주 업계 비판은 명확하나, 포스터의 정체성(신봉? 회의?) 불분명
  - "신비주의가 아니라 데이터의 문제"로 약간 중립화됨

- 훅의 스크롤 멈춤 효과 (25점): 25점 ✓
  - 물음표 + 이모지 + 대담한 통계로 즉각 반응 유발

**감점:**
- 브랜드 직접 언급: -8점 (철학관 직접 언급, 수십만원 지적이 약간 광고성)

---

### 타깃 유저 (독자 심사관): 85/100

**채점 내역:**
- "내 얘기인가?" (25점): 24점
  - 출생시간 미상 경험자라면 강렬하게 공감
  - 그러나 정확한 출생시간 있는 사람(전체 30%)은 소외감 느낄 수 있음
  - 타깃층이 다소 좁음

- 저장하고 싶은가? (25점): 22점
  - 호주소 병원 기록 확인법은 실용적
  - 그러나 "어떻게 정정해야 하는가"에 대한 actionable step 부족
  - 32분 오차 설명은 흥미롭지만 대응책이 없음

- 댓글 달고 싶은가? (25점): 25점 ✓
  - 댓글이 이미 증명함 ("너넨 시간 정확하냐?")
  - 본인 확인 + 의견 표현 욕구 강함

- 읽기 편한가? (25점): 24점
  - 길이 적당 (6-12줄 충족)
  - 단락 구분 명확
  - 단, "그 32분이 뭔데?"의 설명이 한 번에 나열되어 조금 딱딱함

---

### 편집장 (품질 심사관): 92/100

**24패턴 체크:**

**적발된 패턴:**
- **패턴 1** (과장된 중요성): "사주 10궁이 다 바뀐다" — 근거 없이 극적화 (-3점)
- **패턴 7** (AI 어휘 군집):


--- AUDIT AT 2026-09-19T03:59:21.132Z ---
# 심사 결과 요약
**평균 점수: 78점**
**합격 여부: FAIL**

---

## 상세 심사 내용

### Roy Lee (바이럴 심사관): 72/100

**채점 근거:**
- 50% 혐오 테스트 통과 (25점): ✅ 부모 효도 vs 경제적 자유 사이의 명백한 갈등 구도. 일부는 "부모 말 들어야지"로 반발, 일부는 "돈 관리 먼저"로 공감. **25점**
- 공유 유발 요소 (25점): ✅ "너는 뭘 골랐어?"로 댓글 자극이 강함. 저장/공유 욕구도 있음. **25점**
- 논란 각도 vs 브랜드 일치 (25점): ⚠️ 부모-자식 갈등은 강하지만, 포스트에 브랜드 관점이 약함. 누구의 voice인지 모호. **15점**
- 훅 강도 (25점): ⚠️ "갑자기 부모가"는 관계적 긴장은 있으나, 첫 1줄이 스크롤 정지 수준은 아님. **12점**

**감점:**
- 없음

---

### 타깃 유저 (독자 심사관): 82/100

**채점 근거:**
- "내 얘기인가?" (25점): ✅ 신입사원, 부모 압박, 금전적 한계라는 구체적 상황이 명확함. **24점**
- 저장하고 싶은가? (25점): ✅ 실생활 의사결정 프레임으로 나중에 참고할 만함. **22점**
- 댓글 달고 싶은가? (25점): ✅ "너는 뭘 골랐어?"가 강한 CTA. 댓글 1개가 이미 달려 있음. **25점**
- 읽기 편한가? (25점): ✅ 선택지 3개로 간결, 길이 적절(6-7줄). **11점** 
  - 마이너스: 선택지 3번이 도덕적으로 너무 극단적이라 "진정한 옵션"으로 안 느껴짐. 리얼리티 떨어짐.

**감점:**
- 없음

---

### 편집장 (품질 심사관): 80/100

**채점 근거:**

**AI Slop 24패턴 체크:**
- ✅ 절대 금지 어휘 위반 없음 (활용하다, 다양한, 효과적인 등 없음)
- ⚠️ **패턴 #5: 모호한 귀속** — 없음
- ⚠️ **패턴 #21: 필러 표현** — "솔직히"가 댓글에서 나타남 (포스트 본문에는 없음)
- ✅ 나머지 패턴 통과

**자연스러운 문체 (25점):** ✅ 구어체, 친구 톤 유지. **24점**
  
**브랜드 금지 표현 (25점):** ✅ 위반 없음. **25점**


--- AUDIT AT 2026-09-19T03:59:22.455Z ---
# 심사 결과 요약
**평균 점수: 72/100**
**합격 여부: FAIL**

---

## 상세 심사 내용

### Roy Lee (바이럴 심사관): 68/100

**채점 내역:**
- 50% 혐오 테스트 통과: 20/25 (사주 언급이 일부에겐 비과학적으로 느껴져 약한 분열 발생하나, 강하지 않음)
- 공유 유발 요소: 18/25 (공감과 댓글 유발 가능하나 저장 동기 약함)
- 논란 각도와 브랜드 DNA 일치: 15/25 (의사결정 브랜드에는 맞지만 사주라는 비즈니스 주제와의 부조화)
- 훅의 강도: 15/25 ("이직 타이밍 때문에 고민"은 예측 가능한 오프닝)

**감점:**
- 예측 가능한 결말 구조 (-15점): "면접 준비가 아니라 현재 강화를 해야 한다"는 전개가 뻔함
- 사주라는 소재의 신뢰성 부족 (-5점): 타깃이 재정적 결정 근거로 사주를 신뢰하지 않을 가능성

---

### 타깃 유저 (독자 심사관): 74/100

**채점 내역:**
- "내 얘기인가?": 22/25 (이직 고민층에겐 닿지만, 사주 언급으로 범용성 떨어짐)
- 저장하고 싶은가?: 16/25 (구체적 액션 플랜 부족 - "확인해봤어?"는 실행 지침 미제공)
- 댓글 달고 싶은가?: 18/25 (공감은 유발하나 의견 대립 지점 약함)
- 읽기 편한가?: 18/25 (문장 길이 적절하나 로직 흐름이 조금 끊김)

**감점:**
- 행동 강구 지침 부재 (-10점): "확인해봤어?"로 끝나서 다음 스텝 불명확

---

### 편집장 (품질 심사관): 74/100

**채점 내역:**
- AI slop 패턴 무장 여부: 22/25
  - **발견된 패턴:**
    - #22 과도한 헤징 ("아닌지 확인해봤어?" - 확신 부족)
    - #24 "Not X, It's Y" 구조 남발 ("아니라 6개월 뒤", "아니라 다음 달", "아니라 현금화")
    - #19 필러 표현 ("진짜는") 사용

- 자연스러운 한국어 문체: 20/25 (친구 톤은 좋으나 구어체 일관성 미묘)
- 브랜드 금지 표현: 24/25 (금지 어휘 대부분 회피, 우수)
- 포스트 공식 충실: 18/25 (warning 또는 contrarian 공식이 모호함 - 구조가 느슨함)

**감점:**
- "Not X, It's Y" 구조


--- AUDIT AT 2026-09-19T03:59:36.269Z ---
# 【심사 결과 요약】
**평균 점수: 76점**
**합격 여부: FAIL**

---

# 【상세 심사 내용】

## Roy Lee (바이럴 심사관): 72/100

**채점 상세:**
- 50% 혐오 테스트 통과: 23/25 (퇴사 vs 계속 다니기 선택지로 공감/반발 분명하나, 불편함이 약함)
- 공유 유발 요소: 24/25 (댓글 달고 싶은 감정은 강함 - 첫 댓글이 증명)
- 논란 각도 vs 브랜드 DNA: 15/25 ⬇️ (브랜드 목소리 없음 - 중립적이면서도 주관이 흐릿함)
- 훅의 스크롤 멈춤력: 20/25 (임팩트 있으나 "15억" 자체에만 의존)

**감점:**
- 브랜드 직접 언급은 없으나, 명확한 주장/관점 부재로 평범함: -5점
- 결말이 다소 예측 가능 (3번 선택지가 가장 "현실적"이라는 암묵적 메시지): -10점

**Roy Lee 평가:** 임팩트는 있으나 바이럴의 핵심인 "강한 주관"과 "논란 여지"가 부족. 선택지 자체만 제시할 뿐 본인의 관점이 없음.

---

## 타깃 유저 (독자 심사관): 74/100

**채점 상세:**
- "내 얘기인가?": 22/25 (월급 > 보너스 > 예상 밖의 큰 돈 받은 경험을 가진 사람에게만 명확함. 일반 대중에게는 멀 수 있음)
- 저장하고 싶은가?: 18/25 ⬇️ (실용적 인사이트 없음. 의사결정 가이드도 아니고, 심리 분석도 깊지 않음)
- 댓글 달고 싶은가?: 24/25 (첫 댓글이 증명 - 강한 공감과 자기 투영 유도)
- 읽기 편한가?: 25/25 (짧고 명확함)

**감점:**
- 6줄 미만이지만 포스트 본체는 괜찮음: 0점
- 타깃이 너무 좁음 (실제 큰 돈 받은 경험이 있는 사람): -8점

**타깃 유저 평가:** 댓글 유도력은 강하나, 저장 가치(재참고 가능성)가 없어 바이럴의 지속력 약함.

---

## 편집장 (품질 심사관): 82/100

**AI Slop 24패턴 체크:**
- ✅ 절대 금지 어휘: 모두 통과 (활용하다, 다양한, 혁신 등 없음)
- ⚠️ **패턴 5번 위반**: "결국 다 같은 인간인데" (모호한 귀속 + 일반화)
- ⚠️ **패턴 


--- AUDIT AT 2026-09-19T03:59:38.361Z ---
# 【심사 결과 요약】
**평균 점수: 87점**
**합격 여부: FAIL**

---

## 【상세 심사 내용】

### Roy Lee (바이럴 심사관): 88/100

**세부 채점:**
- 50% 혐오 테스트 통과: 23/25 (자기계발서 비판이 약간 일반적)
- 공유 유발 요소: 24/25 (강한 댓글 유발, 공감 유발 우수)
- 논란 각도 브랜드 일치: 24/25 (개인의 솔직한 경험담으로 일관성 있음)
- 훅의 강도: 25/25 ("자기계발서부터 산다고? 그게 아니야" 즉각적 반박)

**감점 사항:**
- 점성술 언급 ("내년 2월 대운 리셋") -10점: 브랜드 신뢰도 저하, 예측 가능한 결말 느낌

**평가:** 훅과 논란 각도는 뛰어나나 점성술 라인이 브랜드 일관성을 해침.

---

### 타깃 유저 (독자 심사관): 85/100

**세부 채점:**
- "내 얘기인가?": 24/25 (번아웃 경험자에겐 정확하나, 범위가 '이직 고민층'으로 약간 넓음)
- 저장하고 싶은가: 22/25 (인사이트는 있으나 구체적 행동 단계 부족)
- 댓글 달고 싶은가: 24/25 (매우 강함 — 첫 댓글이 증명)
- 읽기 편한가: 23/25 (길이 적정, 단락 구성 좋으나 문장 호흡이 약간 긴 부분)

**감점 사항:**
- 구체성 부족 -5점: "창의욕 80%", "결재 5단계"는 구체적이나, 실제 퇴사 준비 방법은 모호
- 점성술로 인한 신뢰 저하 -5점

**평가:** 감정 건드림은 우수하나 "퇴사 타이밍"을 행동 수준으로 구체화 필요.

---

### 편집장 (품질 심사관): 87/100

**AI Slop 24패턴 검사:**
- ✅ 절대 금지 어휘: 통과 (금지 단어 없음)
- ❌ **패턴 #23 발견**: "내년 2월부터 넌 대운 리셋 들어가거든" → 긍정 클리셰 마무리 류의 외삽적 미래 약속 (-8점)
- ❌ **패턴 #9 발견**: "너도 혹시 '왜 이 회사서만 계속 번아웃 오지?' 이 의문 들어본 적 있어?" → 부정 병렬에 가까운 수사적 장치 (-3점)
- ❌ **패턴 #21 발견**: "사실은 번아웃 왔다는 신호인데" → 필러 표현 사용 (-2점)

**세부 채점


--- AUDIT AT 2026-09-19T03:59:52.473Z ---
# 【심사 결과 요약】
**평균 점수: 87점**
**합격 여부: FAIL (재작성 필요)**

---

## 【상세 심사 내용】

### Roy Lee (바이럴 심사관): 88/100

**채점 근거:**
- 50% 혐오 테스트 (25점): ✅ 25점 | 선택지마다 명확한 입장 차이 → 일부는 "1번이 철저히 틀렸다"고 할 각도 존재
- 공유 유발 요소 (25점): ✅ 25점 | "너넨 몇 번?" 형식으로 댓글/공유 강하게 유발
- 논란 각도와 브랜드 일치 (25점): ⚠️ 20점 | 실리주의 vs 신의 논쟁이 명확하나, "의사결정" 해시태그가 너무 중립적 (-5점)
- 훅 강도 (25점): ✅ 18점 | 카드 연체→성과금 타이밍은 임팩트 있으나, 첫 문장이 다소 설명조 (-7점)

**Roy Lee 감점:**
- "의사결정" 해시태그가 너무 일반적 (-5점)
- 선택지 3번이 다소 예측 가능한 "현명한 선택" 느낌 (-2점)

---

### 타깃 유저 (독자 심사관): 86/100

**채점 근거:**
- "내 얘기인가?" (25점): ✅ 24점 | 직장인의 구체적 경제 위기 상황을 건드리나, 타깃 범위가 "밀린 급여 경험자"로 제한적 (-1점)
- 저장하고 싶은가? (25점): ✅ 22점 | 의사결정 인사이트로 저장 가능하나, 3개 선택지 중 명확한 정답이 없어 실용성이 낮음 (-3점)
- 댓글 달고 싶은가? (25점): ✅ 25점 | 첫 댓글이 정확히 증명 ("1번 갔다가 후회중") → 매우 높은 댓글 유발
- 읽기 편한가? (25점): ✅ 15점 | 길이는 적절(7줄)하나, 선택지가 너무 길고 문단 구분 부족 (-10점)

**타깃 유저 감점:**
- 경제 위기 상황이 구체적이지 않음 (정말 최악인가? 얼마나 밀렸나?) (-2점)
- 선택지 3번의 조건이 모호함 ("1년 더 버티면 뭐가 나오나?") (-2점)

---

### 편집장 (품질 심사관): 85/100

**채점 근거:**
- AI Slop 패턴 검사 (25점): ⚠️ 22점 | 
  - ✅ 금지 어휘 없음 (활용하다, 혁신, 효과적 등 미사용)
  - ✅ 자연스러운 구어체 ("넌 뭐 할 거야?", "ㅋㅋㅋ


--- AUDIT AT 2026-09-19T04:00:09.055Z ---
# 【심사 결과 요약】
**평균 점수: 72점**
**합격 여부: FAIL**

---

## 상세 심사 내용

### Roy Lee (바이럴 심사관): 68/100

**채점 상세:**
- 50% 혐오 테스트 통과 (25점): **20점** — 사주/운명론에 대해 회의적인 사람 50%는 거부감을 느낄 만한 강도는 약함. 단순 정보 전달에 가까움.
- 공유 유발 요소 (25점): **18점** — "너한테도 깔려있을 수 있어"로 자신에게 적용시키려는 시도는 있으나, 강제성 약함. 댓글은 유도하지만 저장/공유 동기 약함.
- 논란 각도와 브랜드 DNA 일치 (25점): **18점** — 사주 콘텐츠로는 일관성 있으나, "스님도 파계"라는 표현이 과장스럽고 브랜드 보이스 톤이 불명확함.
- 훅의 스크롤 중단력 (25점): **12점** — "화개"라는 낯선 용어로 시작하지만, 대다수 사용자가 '화개'가 뭔지 모르면 스크롤을 멈추기보다 건너뜀.

**감점:**
- 브랜드 직접 언급은 없음 (+0)
- "은은한데 사람 미치게 하는 매력" — 모호한 표현으로 인한 약화 (-2점)

---

### 타깃 유저 (독자 심사관): 75/100

**채점 상세:**
- "내 얘기인가?" (25점): **19점** — "너한테도 깔려있을 수 있어"라는 보편적 접근은 하지만, 사주에 관심 있는 사람만 반응. 구체적 상황(직장/연애)은 첫댓글에서 나올 정도로 본문이 추상적.
- 저장하고 싶은 정보/인사이트 (25점): **17점** — "화개"의 정의만 제시할 뿐, 실제로 활용할 만한 인사이트나 해석 프레임워크 부족. 재독가치 낮음.
- 댓글 달고 싶은 충동 (25점): **22점** — 첫댓글이 '나도 화개 있어', '나는 이래서 헷갈려'라는 자기 얘기를 꺼내게 유도 성공. 강점.
- 읽기 편한가? (25점): **17점** — 문단이 길고 한 덩어리. 줄바꿈 2회만으로 가독성 약함. (길이는 7줄로 적당)

**감점:**
- 너무 광범위하면서도 추상적 (-8점): 사주에만 해당하고, 그 안에서도 정확한 대상이 모호함.

---

### 편집장 (품질 심사관): 70/100

**채점 상세:**
- AI Slop 패턴 검사 (25점): **15점**
  - ✗ **패턴


--- AUDIT AT 2026-09-19T04:00:11.309Z ---
# 【심사 결과 요약】
**평균 점수:** 72점
**합격 여부:** FAIL

---

## 【상세 심사 내용】

### Roy Lee (바이럴 심사관): 68/100

**채점 근거:**
- 50% 혐오 테스트 (25점 중 18점): 사주 운명론 기반 "재성 없는 놈"이라는 표현이 일부 공감하지만, 너무 운명적 결정론으로 보여 "노력으로는 안 된다"는 메시지가 일부에게 불쾌 → 중간 통과
- 공유 유발 요소 (25점 중 20점): 명확한 댓글 유발 (첫 댓글 증명) / 저장 가치는 낮음 (재현성 떨어짐)
- 논란 각도 vs 브랜드 DNA (25점 중 16점): 사주 언급이 기존 성공/노력 담론과 정면 충돌하는 좋은 각도지만, **브랜드 보이스가 불분명함** ("재성"은 누구나 알까? 맥락 부족)
- 훅 강도 (25점 중 14점): 첫 줄 "문제가 아닌 척"은 약함. "월급만으로 살려고 하는 거야"도 이미 예상 가능한 결말

**감점:**
- 예측 가능한 결말 -15점 (사주 → 사이드 비즈니스 = 흔한 공식)
- 브랜드 일관성 약함: 사주 운명론과 실행 조언이 충돌 (-5점)

---

### 타깃 유저 (독자 심사관): 71/100

**채점 근거:**
- "내 얘기인가?" (25점 중 19점): "월급만으로는 못 산다" 상황은 구체적이지만, **사주 "재성"이라는 개념이 모든 독자에게 명확하지 않음** → 일부만 강하게 공감
- 저장하고 싶은가? (25점 중 16점): 실행 조언이 너무 일반적 ("사이드 비즈니스 시작")/ 재현성 낮음
- 댓글 달고 싶은가? (25점 중 20점): 첫 댓글 증명으로 댓글 유발 충분 ✓
- 읽기 편한가? (25점 중 16점): **문장이 길고 (최대 3줄)** / 불렛이나 줄바꿈 없어서 가독성 중간 수준 / 6-12줄 사이 충족

**감점:**
- 전제(사주 재성)가 일부 독자에게 장벽 -10점
- 길이는 좋으나 시각적 구조 부재 -5점

---

### 편집장 (품질 심사관): 76/100

**AI Slop 패턴 검출:**

| 패턴 | 발견 | 심각도 |
|------|------|--------|
| 절대 금지 어휘 | ✓ "활용하다" 불포함, but "중요한" 대체 | - |
| 2번: 근거 없


--- AUDIT AT 2026-09-19T04:00:25.745Z ---
# 【심사 결과 요약】
**평균 점수: 72점**
**합격 여부: FAIL**

---

## 【상세 심사 내용】

### Roy Lee (바이럴 심사관): 78/100

**채점 세부:**
- 50% 혐오 테스트 통과 (25점): **23점** — 성적 매력/유혹 프레임이 논란 각도를 만들지만, "스님도 파계" 같은 극단적 표현이 일부 거부감 유발. 충분히 분열적이진 않음.
- 공유 유발 요소 (25점): **20점** — "넌 혹시 그런 기운을 깔고 있진 않아?"는 공명대사지만, 댓글 유발력은 약함. 저장/공유 동기 약함.
- 논란 각도 × 브랜드 DNA 일치 (25점): **20점** — 브랜드 (자기계발? 연애? 불명확)가 명확하지 않아 일관성 판단 불가. 성적 유혹 프레임이 위험할 수 있음.
- 훅의 스크롤 멈춤 (25점): **15점** — 첫 질문은 호기심을 자극하나, "화개"라는 낯선 개념 때문에 일반인은 이해가 안 되고 스크롤 멈춤 실패.

**감점:**
- 브랜드가 불명확해서 광고성 판단 어려움: -5점

**Roy Lee 최종: 78/100**

---

### 타깃 유저 (독자 심사관): 68/100

**채점 세부:**
- "내 얘기인가?" (25점): **15점** — "화개" 개념이 너무 추상적이고 낯설어서 구체적 상황으로 느껴지지 않음. 성적 매력을 자극하려는 시도는 있지만 타깃이 애매함.
- 저장하고 싶은가? (25점): **18점** — 정보 가치 거의 없음. "화개"의 정확한 정의나 활용법이 없어서 나중에 참고할 만한 게 없음.
- 댓글 달고 싶은가? (25점): **22점** — "넌 혹시 그런 기운을 깔고 있진 않아?"는 자극적 질문이지만, 응답 방식이 불명확함 (어떻게 대답해야 할지 모호).
- 읽기 편한가? (25점): **13점** — 줄바꿈 많고 가독성은 괜찮으나, 내용 이해가 어려워서 정보 흡수 곤란.

**감점:**
- 너무 추상적이고 광범위해서 구체적 타깃이 보이지 않음: -25점

**타깃 유저 최종: 68/100**

---

### 편집장 (품질 심사관): 70/100

**채점 세부:**
- AI slop 패턴 없음 (25점): **12점** — **패턴 적발:**
  - #24: "Not X, It's Y" 구조 반복 ("도화는 유혹이고 홍염은 중독인데


--- AUDIT AT 2026-09-19T04:00:29.677Z ---
# 심사 결과 요약
**평균 점수: 87점**
**합격 여부: FAIL**

---

## 상세 심사 내용

### Roy Lee (바이럴 심사관): 88/100

**세부 채점:**
- 50% 혐오 테스트 통과 (25점): 24점
  - 사주/점술 신뢰자 vs 회의론자 갈등 구조 명확 ✓
  - 다만 "무기력한 대로", "현실 도피"는 약간 일방적 (거기까지 깎음)
  
- 공유 유발 요소 (25점): 24점
  - 댓글 요소 강함 (첫댓글이 바로 공감사례로 응함) ✓
  - 저장 동기는 중간 수준

- 논란 각도 ↔ 브랜드 DNA 일치 (25점): 20점
  - 주제: 의사결정/행동 변화 (적절) ✓
  - 다만 "신비주의 비판" 톤이 약간 강경해서 브랜드 보이스 일관성 약간 흔들림

- 훅 강도 (25점): 20점
  - "사주 본다고 해서 인생이 바뀌는 게 아니야" ← 좋음
  - 하지만 두 번째 문장이 길어서 스크롤 정지력 감소 (조정 필요)

**감점:**
- "중요한 건" (필러, 패턴 24번) -2점

---

### 타깃 유저 (독자 심사관): 85/100

**세부 채점:**
- "내 얘기인가?" (25점): 23점
  - 점을 본 사람, 또는 반복 실수하는 사람에겐 찬성/반박 동시 자극 ✓
  - 하지만 "센 사람들은" 부분이 다소 모호 (누구? 어떤 행동?)

- 저장하고 싶은가? (25점): 22점
  - 인사이트 "행동 변화가 핵심" ← 좋음
  - 하지만 구체적 실행 방법이 없어서 저장 동기 약함
  - "아, 내 기질이 이구나 딱 이것만 받아들이고 바로 행동을 바꾼다" ← 추상적

- 댓글 달고 싶은가? (25점): 22점
  - 첫댓글이 증거 (강함) ✓
  - 다만 포스트 자체가 약간 논쟁적이라 "맞아/아니야" 이분법 댓글만 유발

- 읽기 편한가? (25점): 18점
  - 문단 구조 좋음 ✓
  - **감점: 12줄을 약간 초과** (13줄)
  - 마지막 문장이 너무 길고 복합적 (-5점)

**감점:**
- 길이 초과 (12줄 기준) -7점

---

### 편집장 (품질 심사관): 84/100

**AI Slop 24패턴 체크:**

| # | 패턴 | 검출 | 비고 |
|---|------|------|


--- AUDIT AT 2026-09-19T04:00:42.283Z ---
# 【심사 결과 요약】
**평균 점수: 78점**
**합격 여부: FAIL**

---

## 【상세 심사 내용】

### Roy Lee (바이럴 심사관): 82/100

**채점 상세:**
- 50% 혐오 테스트 통과 (25점): **23점** ✓ 사주/운명론에 회의적인 유저가 반감할 여지 충분
- 공유 유발 요소 (25점): **24점** ✓ "내 숨겨진 재능" 자기성찰 유발, 댓글도 강함
- 논란 각도와 브랜드 일치 (25점): **20점** △ 사주 전문성 있지만 다소 "신비주의" 톤으로 브랜드가 모호함
- 훅의 강도 (25점): **24점** ✓ "화개"라는 생소한 개념 → 즉시 설명 → 파괴성까지 일관되게 잡음

**감점:**
- 없음

---

### 타깃 유저 (독자 심사관): 75/100

**채점 상세:**
- "내 얘기인가?" (25점): **20점** △ 사주 관심층에겐 꽂히지만, 화개 개념 자체가 너무 특수해서 일반화 부족
- 저장하고 싶은가? (25점): **18점** △ 정보라기보다 '감정 자극'에 가까워 재사용성 낮음
- 댓글 달고 싶은가? (25점): **23점** ✓ 첫 댓글이 증명 — "내 주변 사람 맞나?" 하는 공감과 검증 욕구 강함
- 읽기 편한가? (25점): **24점** ✓ 길이 적당, 줄바꿈 자연스러움

**감점:**
- 없음 (길이는 6~12줄 사이 충족)

**문제점:** 화개 개념이 너무 니치해서 "내 얘기가 맞나?" 확신이 부족함

---

### 편집장 (품질 심사관): 72/100

**채점 상세:**
- AI slop 24패턴 (25점): **20점** ✗ **위반 발견:**
  - **패턴 #21 필러 표현:** "솔직히 화개 있는 애들" (첫 댓글) — 불필요한 필러
  - **패턴 #24 "Not X, It's Y" 구조:** "이건 X가 아니야. Y야." 정확히 본문에 없지만, "지지 하나, 주변 사람 하나 차이다"는 대조 구조가 다소 기계적
  
- 자연스러운 한국어 문체 (25점): **24점** ✓ 구어체는 자연스럽고 친근함
  
- 브랜드 금지 어휘 (25점): **18점** ✗ **위반:**
  - "은은한데 사람 미치게 하는 매력" — 애매한 수식 (구체적 수치/사례 부족)
  - "모든 합리성 무시하는" — 과장된 중요성 부여 


--- AUDIT AT 2026-09-19T04:01:01.294Z ---
# 【심사 결과 요약】
**평균 점수: 78점**
**합격 여부: FAIL**

---

## 상세 심사

### Roy Lee (바이럴 심사관): 72/100

**채점 항목:**
- 50% 혐오 테스트 통과 (25점): **18점** — 사주/괴강 개념이 특정 대상(조직/타인)을 암묵적으로 폄하하지만, 명시적 혐오는 아님. 다만 "밀려나는" "휘둘려" 등 피해자 톤으로 논란각도 약함.
- 공유 유발 요소 (25점): **20점** — "너도 이 기운 있지?" 공감형 유도는 있으나, 저장/댓글 강력 유발 요소 부족. 사주 레퍼런스가 매니악층에만 닿음.
- 논란 각도 vs 브랜드 DNA 일치 (25점): **18점** — 사주/심리 콘텐츠로 일관되나, 조직/연애 실패 언급은 브랜드 보이스와 다소 거리감. 명확한 브랜드 입장 부족.
- 훅의 스크롤 정지력 (25점): **16점** — "괴강"이라는 한자어 신조어는 흥미롭지만, "혹시 알아?"는 약한 훅. 첫 2줄이 임팩트 부족.

**감점:**
- "중간인데", "헤어졌는데" 등 상황만 나열하고 왜 이게 강력한지 미결정: -10점
- 브랜드 직접 언급은 없으나 #심리 해시태그만으로는 포지셔닝 약함: -5점

---

### 타깃 유저 (독자 심사관): 75/100

**채점 항목:**
- "내 얘기인가?" (25점): **19점** — 사주에 관심 있는 사람(특히 MZ 여성)에게만 명확히 닿음. 일반 직장인은 "괴강"을 모를 가능성 높음. 감정적 리소나스는 "밀려남" 정도로 약함.
- 저장하고 싶은가? (25점): **18점** — 자기 사주 해석 요소는 저장 유도하지만, "너도 이런가?" 수준의 피상적 인사이트. 실질적 조언/도구 부재.
- 댓글 달고 싶은가? (25점): **20점** — "나도 괴강 있다" "내 사주는?" 댓글 유도 가능. 댓글 수는 낮지 않을 것 같으나, 깊이 있는 토론으로 이어질 여지 약함.
- 읽기 편한가? (25점): **18점** — 6줄 안팎으로 적절하나, 문장이 끊어지고 "근데 그게 약일 수도, 무기일 수도" 같은 미결정 톤이 답답함. 비유(도화→홍염→괴강)가 구어체 친화적이지만 교육받은 독자에겐 모호함.

**


--- AUDIT AT 2026-09-19T04:01:18.179Z ---
# 심사 결과 요약
**평균 점수: 78점**
**합격 여부: FAIL**

---

## 상세 심사 내용

### Roy Lee (바이럴 심사관): 82/100

**채점 근거:**
- **50% 혐오 테스트 통과 (25점)**: ✅ 20점
  - 사주/운명론을 "과학 아닌 것"으로 보는 사람들과 "삶의 가이드"로 보는 사람들 간 균열 존재
  - 다만 혐오 수준까지는 미달 (10점 아쉬움)

- **공유 유발 요소 (25점)**: ✅ 23점
  - "화개"라는 낯선 개념 → 댓글 욕망 강함
  - 첫 댓글이 즉시 반응한 증거
  - 다만 저장 동기는 약함

- **논란 각도가 브랜드 DNA와 일치 (25점)**: ✅ 22점
  - 사주 계정으로서 일관성 있음
  - 신비주의 톤 유지
  - 그러나 "스님도 파계시킨다" 표현은 약간 도발적이되 브랜드 경계선을 넘지 않음 (안전함)

- **훅이 스크롤을 멈추게 하는가 (25점)**: ✅ 17점
  - 첫 문장의 "혹시 '도화'보다 센…"은 호기심 자극
  - 그러나 지나치게 설명적 ("화려함을 덮는다는 뜻인데")으로 미스터리 상실
  - 스크롤 중단력은 중간 수준

**감점 사항:**
- 브랜드 직접 언급 없음: 0점
- 예측 가능한 결말: -3점 ("열쇠가 안 들어왔기 때문" → 예상 가능한 신비주의 클로징)

---

### 타깃 유저 (독자 심사관): 71/100

**채점 근거:**
- **"내 얘기인가?" (25점)**: ✅ 16점
  - 사주에 관심 있는 사람 한정 (범위가 너무 좁음)
  - "너한테 그런 치명적 재능이 숨겨져 있을 수도"는 과도하게 일반화
  - 구체적인 상황/감정 부재 (예: "취업 준비 중인데 뭔가 부족한 기분", "내 강점이 뭔지 모르겠을 때" 같은 구체성 없음)

- **저장하고 싶은가? (25점)**: ✅ 18점
  - "화개" 개념은 나중에 찾아볼 가치 있음
  - 그러나 실용성 없음 (정보 콘텐츠 아니라 철학적 통찰)
  - 재독 가치: 중간

- **댓글 달고 싶은가? (25점)**: ✅ 23점
  - 첫 댓글 증거로 명백히 달고 싶은 욕망 강함
  - "너넨 몇 번이냐?"라는 


--- AUDIT AT 2026-09-19T04:01:35.178Z ---
【심사 결과 요약】
평균 점수: 76
합격 여부: FAIL

---

## 상세 심사 내용

### Roy Lee (바이럴 심사관): 72/100

**채점 내역:**
- 50% 혐오 테스트 통과 (25점): 20점
  - 사주라는 주제 자체가 분열적 (믿는 사람 vs 안 믿는 사람)이지만, 포스트가 "화개는 무조건 주변 종속" 같은 강한 주장으로 완전히 가지 않음. 중립적 태도가 오히려 약점.

- 공유 유발 요소 (25점): 22점
  - "본인만 모르는 경우 대부분" → 댓글 유발력 강함
  - 하지만 저장 요소(실용성) 부족

- 논란 각도와 브랜드 DNA 일치 (25점): 18점
  - 사주 콘텐츠인데 "객관적 설명"처럼 느껴져서 브랜드 관점이 모호함
  - 신비주의자? 과학적? 회의론자? 톤이 흔들림

- 훅 강도 (25점): 12점
  - "화개가 뭔지 알아?" → 낚시성 훅이지만, "화려함을 덮는다"는 설명이 너무 빨리 나옴
  - 본문에서 "스님도 파계시킴"은 강하지만, 첫 줄이 이미 수그러듦

**감점:**
- 없음 (직접 광고 미포함, 예측 가능한 결말은 있지만 -15 전에 이미 점수 반영됨)

---

### 타깃 유저 (독자 심사관): 68/100

**채점 내역:**
- "내 얘기인가?" (25점): 15점
  - 타깃이 사주 신봉자라고 가정하면, "화개"를 본인이 갖고 있는지 확인하고 싶어짐
  - 하지만 "주변이 종속된다"는 것이 왠지 타자적 관찰처럼 느껴져서 감정 몰입 약함
  - 일반인: "사주? 이건 내 얘기 아닌데"

- 저장하고 싶은가? (25점): 18점
  - 사주 지식 정도는 "아, 화개가 그렇구나" 하고 지나감
  - 실제 행동 가능한 팁 없음 (화개 있으면 어떻게 할 거야?)

- 댓글 달고 싶은가? (25점): 20점
  - 첫 댓글이 이미 "맞아, 의도가 중요하지"라는 식의 해석 댓글을 달음
  - 포스트만으로는 댓글 유발도 평범

- 읽기 편한가? (25점): 15점
  - 줄바꿈 전혀 없음 (한 덩어리)
  - 5줄 정도로 짧은데, 문장이 굉장히 압축적이라 읽기 피로도 있음

**감점:**
- 6


--- AUDIT AT 2026-09-19T04:01:37.732Z ---
# 심사 결과 보고서

## 【심사 결과 요약】
**평균 점수: 15/100**  
**합격 여부: FAIL**

---

## 【상세 심사 내용】

### Roy Lee (바이럴 심사관): 5/100

**세부 채점:**
- 50% 혐오 테스트 통과: 0/25 (자극 각도가 전혀 없음)
- 공유 유발 요소: 0/25 (메타포스트로서 실질 콘텐츠 부재)
- 논란 각도 브랜드 일치: 0/25 (브랜드 정책 가이드 자체로 콘텐츠가 됨)
- 훅의 임팩트: 5/25 (기술적 안내 톤, 정보성만 있음)

**감점:**
- 브랜드 직접 언급 및 광고성: -30점 (Brand Voice 가드레일, §5 등 정책 용어로 가득)
- 메타 뎁스 (정책 포스트는 바이럴하지 않음): 추가 -15점

**Roy Lee 평가:** 이건 포스트가 아니라 **정책 공지문**입니다. 독자가 "스크롤을 멈추고 저장하거나 공유하고 싶은" 각도가 0입니다.

---

### 타깃 유저 (독자 심사관): 8/100

**세부 채점:**
- "내 얘기인가?": 0/25 (특정 타깃 상황/감정 전무)
- 저장 가치: 2/25 (정책 레퍼런스로서만 실용적, 콘텐츠 아님)
- 댓글 충동: 0/25 (반박이나 공감할 여지 없음)
- 가독성: 6/25 (구조는 정리되어 있으나 너무 공식적, 딱딱함)

**감점:**
- 광범위한 타깃 정의 (실제로는 내부 정책 문서): -25점

**타깃 유저 평가:** 일반 독자는 "**이게 나한테 왜 필요한데?**"라고 느낍니다. 보이는 것은 정책 업데이트일 뿐입니다.

---

### 편집장 (품질 심사관): 36/100

**세부 채점:**
- AI Slop 패턴 탐지: 10/25

  **적발된 패턴:**
  - ✗ 패턴 #1: 과장된 중요성 ("🚨 잠깐", "완전 퇴역")
  - ✗ 패턴 #5: 모호한 귀속 ("바이럴 팀이 데이터 수집함" — 출처 불명)
  - ✗ 패턴 #12: 가짜 범위 ("9대 바이럴 윈닝 훅 풀" — 의미 모호)
  - ✗ 패턴 #18: AI 협력 흔적 ("새로운 포스트를 작성해 드릴까요?")
  - ✗ 금지 어휘: "활용하다" 없음(O), "다양한" 없음(O), 하지만 **


--- AUDIT AT 2026-09-19T04:01:51.145Z ---
# 【심사 결과 요약】
**평균 점수: 78점**
**합격 여부: FAIL**

---

## 【상세 심사 내용】

### Roy Lee (바이럴 심사관): 82/100

**각 기준별 채점:**
- 50% 혐오 테스트 통과: 23/25 (사주 신봉자 vs 회의론자 간 분열 각도 있으나 약함)
- 공유 유발 요소: 24/25 (자신의 숨겨진 매력 발견 욕구 강함, 댓글 욕구 충동 충분)
- 논란 각도와 브랜드 DNA 일치: 24/25 (사주/신비주의 톤 일관성 있음)
- 훅 강도: 20/25 (질문형 훅은 있으나 "화개"라는 낯선 개념이 즉각적 반응 다소 약함)

**감점 사항:**
- 없음 (광고느낌, 직접 브랜드 언급 없음)

**평가:** 신비로움과 자기계발 클리셰의 교차로 바이럴 가능성 있으나, 훅의 임팩트가 타겟 세분화로 인해 감소.

---

### 타깃 유저 (독자 심사관): 75/100

**각 기준별 채점:**
- "내 얘기인가?": 21/25 (20-40대 자기계발 관심층에 맞지만 "화개"라는 사주 개념이 선행학습 필요 → 진입장벽)
- 저장하고 싶은가?: 19/25 (사주 정보로서 가치는 있으나, 조언의 실용성 부족 "지지 1개 차이"가 모호함)
- 댓글 달고 싶은가?: 20/25 (댓글 사례가 공감각도 높음, 충동 유발 중상)
- 읽기 편한가?: 15/25 (문장이 산문체로 자연스럽지만, 줄바꿈 없이 한 덩어리라 스크롤 중 이탈 위험)

**감점 사항:**
- 6줄 초과이나 가독성을 위한 공백/줄바꿈 부재: -10점

**평가:** 타겟이 명확하지 않고(사주 초심자 vs 신자), 정보의 실용성이 낮아 저장 욕구 약함.

---

### 편집장 (품질 심사관): 71/100

**각 기준별 채점:**
- AI Slop 패턴 검사: 18/25

  **적발된 패턴:**
  - 패턴 #3: "-ing형 수식어 남발" 없음 (양호)
  - 패턴 #9: **부정 병렬 구조** 적발 - "X가 아니라 Y야" (→ "Y야"로 직접 표현) 
    - "본인도 자기가 뭘 한 건지 모름" ✓ (직접)
    - "화병이 되고, 제대로 풀어버리면" — 이 대비는 양호
  - 패턴 #21: **필러 표현** - "


--- AUDIT AT 2026-09-19T04:01:55.514Z ---
# 【심사 결과 요약】
**평균 점수: 87점**
**합격 여부: FAIL**

---

## 상세 심사

### Roy Lee (바이럴 심사관): 88/100

**채점 세부:**
- 50% 혐오 테스트 통과 (25점): **23점** 
  → 사주/점술 비신자 vs 신자 간 갈등 유발 가능. 단, "철학관 90% 비난"은 과장에 가까워 분극성이 적음
  
- 공유 유발 요소 (25점): **24점**
  → "32분 차이" 구체적 팩트 + "대운도 딴판" 직관적 임팩트로 공유 욕구 높음
  
- 논란 각도가 브랜드 DNA와 일치 (25점): **22점**
  → 브랜드가 "의사결정" 카테고리인데, 사주/운명론은 의사결정과의 연결고리가약함. 신뢰성-합리성 프레임이 모호함
  
- 훅이 스크롤을 멈추게 하는가 (25점): **25점**
  → "10명 중 7명은 틀리게 알고" + "32분 차이" 즉각 호기심 유발 탁월함

**감점 항목:**
- 예측 가능한 결말 (-15점): "자기 사주 맞게 알고 싶으면 시주부터 확인해라" → 뻔한 해결책
- 브랜드 직접 언급은 없으나, 의사결정과의 논리 연결 부족 (-2점)

---

### 타깃 유저 (독자 심사관): 82/100

**채점 세부:**
- "내 얘기인가?" (25점): **20점**
  → 사주에 관심 있는 사람만 해당. 일반 의사결정자 입장에서는 "내 얘기"가 아님. 타깃 범위가 너무 좁음
  
- 저장하고 싶은가? (25점): **22점**
  → "시주 정확도 32분 차이" 팩트는 저장 가치 있음. 하지만 실제 행동(출생증명서 찾기)의 진입장벽이 높아 실용성 낮음
  
- 댓글 달고 싶은가? (25점): **24점**
  → 첫 댓글이 증명함. "점집마다 다르더니" 공감대 형성 + "십간십이지 3개 바뀌더라" 반응 유발 강함
  
- 읽기 편한가? (25점): **24점**
  → 짧은 문장, 대비 구조("근데 솔직히..") 활용, 가독성 양호. 길이 7줄로 적정

**감점 항목:**
- 타깃 범위 모호: 의사결정 관심층 vs 사주 관심층 불일치 (-8점)

---

### 편집장 (품질 심사관): 91/100

**AI Slop 24패턴 체크:**

✅ **위반 없음** (모든 패턴 통과)

**세부 채점:**
- AI slop 패턴


--- AUDIT AT 2026-09-19T04:02:08.123Z ---
# 【심사 결과 요약】
**평균 점수: 72점**
**합격 여부: FAIL**

---

## 상세 심사 내용

### Roy Lee (바이럴 심사관): 68/100

**채점 상세:**
- 50% 혐오 테스트 통과 (25점): **20점** — 사주/운명론에 대한 회의론자들의 반발 가능성 있으나 "파계시킨다" 같은 자극 표현이 약함
- 공유 유발 요소 (25점): **18점** — 저장/댓글 유발 약함. "화개" 개념이 낯설어서 공유보다 '궁금증'만 생김
- 논란 각도가 브랜드 DNA와 일치 (25점): **18점** — 사주/운명론 기반 포스트지만, 실제 작동 원리를 구체적으로 보여주지 않아 "그냥 신비로운 주장"으로 보임
- 훅이 스크롤을 멈추게 하는가 (25점): **12점** — "화개"라는 용어 자체가 낯설지만, 첫 문장의 비교 구조(도화→홍염→화개)가 계단식이라 임팩트 약함

**감점:**
- "모두를 위한" 메시지: -5점 (사주 있는 사람들만 공감)
- 예측 가능한 결말: -7점 (화개 있으면 운으로 나뉜다는 평범한 결론)

---

### 타깃 유저 (독자 심사관): 74/100

**채점 상세:**
- "내 얘기인가?" (25점): **20점** — 사주에 관심 있는 사람들만 공감. 일반 독자는 "나도 화개 있나?"를 확인할 방법이 없어 멀게 느껴짐
- 저장하고 싶은가? (25점): **16점** — 실질적 정보 없음. "표면론 조용한데 사람들이 자꾸 들었다 놨다 한다"는 매우 모호한 특징 설명. 자신이 화개인지 판단할 구체적 행동/특징이 부족
- 댓글 달고 싶은가? (25점): **22점** — 댓글에서 본인의 경험을 증언한 것처럼, 공감→증언 패턴은 강함. 하지만 본문만으로는 의견 표명 충동이 낮음
- 읽기 편한가? (25점): **16점** — 문장이 길고, 한 문단 9줄. 끝 문장 "지지 1개, 대운 1개 차이야"는 전문 용어라 이해도 떨어짐

**감점:**
- 너무 광범위: -3점 (사주 관심층만 대상)
- 6-12줄 범위: -5점 (9줄이지만 가독성이 낮음)

---

### 편집장 (품질 심사관): 78/100

**채점 상세:**
- AI Slop 패턴 없음 (25점): **18점** — 다음 패턴 발견:
  - 패턴 #


--- AUDIT AT 2026-09-19T04:02:23.015Z ---
# 심사 결과 요약
**평균 점수: 78점**
**합격 여부: FAIL**

---

## 상세 심사 내용

### Roy Lee (바이럴 심사관): 72/100

**채점 세부:**
- 50% 혐오 테스트 통과 (25점): **20점** — "착한 아이 역할"이라는 표현이 보수적 독자에겐 기존 정체성 부정으로 느껴질 수 있으나, 충분히 논란적이지는 않음. 좀 더 명확한 대조각이 필요.
- 공유 유발 요소 (25점): **22점** — "화개"라는 신비로운 개념 + "은은한데 미치게 하는 매력"이 저장 욕구를 유발하나, 댓글 유발은 약함.
- 논란 각도와 브랜드 일치 (25점): **18점** — 사주 콘텐츠로서의 일관성은 있으나, 브랜드 보이스가 다소 모호함. 누구를 향한 메시지인지 불명확.
- 훅의 즉각성 (25점): **12점** — "혹시 도화보다 센 홍염보다 센 게 뭔지 알아?"는 관심사가 있는 사람에게만 작동. 광범위한 스크롤 정지력 부족.

**감점 사항:**
- "~할 수도 있어" (-5점): 패턴 #22 과도한 헤징
- 직접성 부족: 마지막 문장이 흐릿함 (-3점)

---

### 타깃 유저 (독자 심사관): 76/100

**채점 세부:**
- "내 얘기인가?" (25점): **18점** — 사주에 관심 있고 "숨겨진 매력"을 갈망하는 사람에게만 구체적. 대부분의 독자는 "이게 나 얘기야?"라고 의문을 가짐.
- 저장하고 싶은가? (25점): **20점** — "화개" 개념과 "뚜껑→덮개→파탄" 은유는 충분히 인사이트 있음. 다시 읽을 가치 있음.
- 댓글 달고 싶은가? (25점): **21점** — 첫 댓글이 좋은 반응을 보였으나, 본문만으로는 의견 표명 충동이 약함. "넌 어느 쪽?"이라는 명시적 질문이 없음.
- 읽기 편한가? (25점): **17점** — 문장 길이가 길고 (10줄 이상), 띄어쓰기 구조가 혼재됨. 가독성 평가: 보통.

**감점 사항:**
- 암시적 구조로 인한 혼란 (-4점): 타깃층이 명확하지 않음

---

### 편집장 (품질 심사관): 82/100

**채점 세부:**
- AI slop 패턴 없음 (25점): **20점** 
  - 발견된 패턴:
    - #1: "이건 정말 중요해" 뉘앙스 ("


--- AUDIT AT 2026-09-19T04:02:37.862Z ---
# 【심사 결과 요약】
**평균 점수: 72점**
**합격 여부: FAIL**

---

## 【상세 심사 내용】

### Roy Lee (바이럴 심사관): 68/100

**채점 세부:**
- 50% 혐오 테스트 통과: 20/25 (오타로 읽힐 수 있는 '화개' 개념이 일부 거부감 유발하지만, 강한 각도는 부족)
- 공유 유발 요소: 18/25 (신비로운 톤이 저장/댓글 욕구를 약간 자극하나, 구체적 충동이 약함)
- 논란 각도 × 브랜드 DNA: 15/25 (명확한 브랜드 보이스 부재로 톤의 일관성 불명확)
- 훅의 강도: 15/25 (첫 줄 "화개"가 낯선 개념이라 분석력 있는 층에만 먹히고, 대중적 스크롤 정지력 약함)

**감점:**
- "너한테 그런 치명적 기운이 숨겨져 있을 수도" → 모두에게 적용 가능한 뻔한 마무리 -8점

---

### 타깃 유저 (독자 심사관): 71/100

**채점 세부:**
- "내 얘기인가?": 19/25 (사주/점성 매니아나 자기 심화 관심층에겐 명확한데, 일반 대중에겐 추상적)
- 저장하고 싶은가?: 17/25 (화개 개념이 신선하지만, 실질적 행동 인사이트 부재)
- 댓글 달고 싶은가?: 18/25 (첫 댓글처럼 자신의 경험과 연결할 여지는 있으나, 질문/대화 유도 약함)
- 읽기 편한가?: 17/25 (길이는 적절(6-9줄)하나, 추상적 표현이 한 번 읽어서 이해 어려움)

**감점:**
- 구체적 상황 설명 부재 -10점 (누가? 언제? 어떤 결과? 구체화 필요)

---

### 편집장 (품질 심사관): 78/100

**채점 세부:**
- AI slop 패턴: 24/25 (패턴 대부분 회피했으나...)
  - ⚠️ **패턴 #24 감지**: "~할 수도" (과도한 헤징 2회: "숨겨져 있을 수도", 첫 댓글 "지지 1개 차이인 것 같음")
  
- 자연스러운 한국어 문체: 21/25 (구어체 잘 살았으나, 추상적 표현이 인위적으로 느껴짐)
- 브랜드 금지 표현: 24/25 (특별히 위반 없음)
- 공식 충실도: 9/25 ⚠️ **치명적 결함**
  - 선택된 공식이 명확하지 않음
  - Contrarian/Warning 공식인지, 스토리텔링인지 불명확
  


--- AUDIT AT 2026-09-19T04:02:55.772Z ---
# 【심사 결과 요약】
**평균 점수: 78점**
**합격 여부: FAIL**

---

## 【상세 심사 내용】

### Roy Lee (바이럴 심사관): 72/100

**채점 세부:**
- 50% 혐오 테스트 통과? (25점) → **20점** | 이직자 vs 기성세대 대립각은 있으나, "자존심 센 녀석"이라는 표현이 약함. 더 날카로운 논란 각도 필요.
- 공유 유발 요소 있음? (25점) → **20점** | 저장/공유 욕구는 있지만 댓글 유발이 약함. 첫 댓글이 "느꼈다" 정도의 공감에 그침.
- 논란 각도가 브랜드 DNA와 일치? (25점) → **18점** | 일관성 있으나, 직접적인 브랜드 성격 표현 부족.
- 훅이 스크롤을 멈추게 하는가? (25점) → **14점** | "반드시 조심해야 할 3가지"는 흔한 공식. 더 구체적이고 자극적인 훅 필요.

**감점:**
- 예측 가능한 결말 구조 (-15점): 3가지 나열 + "해당되면 저장해" 클리셰

---

### 타깃 유저 (독자 심사관): 76/100

**채점 세부:**
- "내 얘기인가?" (25점) → **22점** | 이직 1년 차만 타깃으로 좁혀짐. 경력 수준과 회사 규모에 따라 체감도 편차 큼.
- 저장하고 싶은가? (25점) → **19점** | 정보성 약함. "6개월 차에 무기력 오는데 참아"가 전부. 대처법이 부재.
- 댓글 달고 싶은가? (25점) → **19점** | 공감 반응은 있으나(실제 첫 댓글 참조) 의견 표명 욕구는 낮음.
- 읽기 편한가? (25점) → **16점** | 줄바꿈 3번만 사용. 단락이 길어서 모바일 가독성 낮음. 문장 길이도 과다.

**감점:**
- 너무 광범위한 타깃 정의 (-10점): 모든 이직자가 아닌 특정 상황에만 해당

---

### 편집장 (품질 심사관): 84/100

**채점 세부:**
- AI slop 패턴 없음 (25점) → **22점** | 다음 패턴 발견:
  - **패턴 #21 필러 표현:** "솔직히"(첫 댓글에서도 반복)
  - **패턴 #1 과장된 중요성:** "반드시 조심해야 할" (필수성 과장)
  - **패턴 #4 홍보성 어휘:** 포스트 내 직접 없으나, 구조적으로 경고성 남발
  
- 자연스러운 한국어 문체 (25점) → **22점** | 전반적으


--- AUDIT AT 2026-09-19T04:02:57.618Z ---
# 【심사 결과 요약】
**평균 점수: 87점**
**합격 여부: FAIL** ⚠️

---

## 상세 심사

### Roy Lee (바이럴 심사관): 82/100

**채점 내역:**
- 훅이 스크롤을 멈추게 하는가? (25점): **24점** — "한국인 10명 중 7명" 통계는 강한 훅이지만, 출처 없음이 약점
- 50% 혐오 테스트 통과? (25점): **23점** — 철학관 비판이 명확하지만, 사주 신자들을 모두 '당한 사람'으로 프레이밍해서 논쟁점이 애매함
- 공유 유발 요소? (25점): **20점** — 댓글 유발력은 있으나 저장/공유로 이어지기 약함. 마지막 질문이 역질문식이라 수렴적
- 논란 각도가 브랜드 DNA와 일치? (25점): **15점** — 신뢰/정확성 추구가 좋지만, "복채 수십만 원"은 과도한 일반화처럼 느껴져서 브랜드 보이스가 흔들림

**감점:**
- 예측 가능한 결말 (-15점): "데이터가 정확해야 한다" → "넌 정확하게 받아본 적 있어?" 구조가 너무 명확함

---

### 타깃 유저 (독자 심사관): 88/100

**채점 내역:**
- "내 얘기인가?" (25점): **22점** — 사주에 관심 있는 사람들에겐 와닿지만, "1961년 1월생"처럼 너무 구체적이라 대부분 타깃이 아님
- 저장하고 싶은가? (25점): **23점** — "32분 오차" 같은 정보가 신선하긴 하지만, 철학관 비판이 본론이라 정보 유용성이 낮음
- 댓글 달고 싶은가? (25점): **23점** — 마지막 질문 때문에 댓글 욕구는 있음
- 읽기 편한가? (25점): **20점** — 문단 구성은 자연스럽지만 5문단으로 길이는 적정하고 가독성도 괜찮음. (-5점은 구체적 수치/사례 부족)

---

### 편집장 (품질 심사관): 89/100

**채점 내역:**
- AI slop 패턴 없음? (25점): **20점** — 3패턴 감지됨

  1. **패턴 #1 금지 어휘**: "의욕이 없는 거다"는 괜찮지만, **"포장하지만 사실은"** = 패턴 #9 (부정 병렬) 감지 (-5점)
  2. **패턴 #5 모호한 귀속**: "신비주의라고 포장하지만" → 누가? 구체화 안 됨 (-3점)
  3. **패턴 #21 필러**: "솔직히" 없지만 구조상 "그걸 모르고"가 약간의 AI


--- AUDIT AT 2026-09-19T04:03:14.321Z ---
# 심사 결과 요약
**평균 점수: 87점**
**합격 여부: FAIL** (90점 미달)

---

## 상세 심사

### Roy Lee (바이럴 심사관): 85/100

**채점 세부:**
- 50% 혐오 테스트 통과 (25점): **23점** 
  → "신입처럼 굴 때", "낙인", "멘탈 깨짐" 등 공감대 형성 각도 있으나, 이직자 특정층 대상이라 전체 50%를 강하게 자극하지는 못함
  
- 공유 유발 요소 (25점): **24점**
  → "저장해", 댓글의 "너넨 어디에 걸렸어?" 등 댓글 유발 강함. 다만 보편적 공유 위력은 중간
  
- 논란 각도와 브랜드 DNA 일치 (25점): **22점**
  → 이직자 생존 가이드 톤은 일관성 있으나, "전 직장 자랑하기" 비판이 약간 뻔함
  
- 훅의 스크롤 정지력 (25점): **23점**
  → "조심해야 할 3가지"는 리스트클릭 본능을 자극하나, 첫 문장 임팩트가 약함 ("반드시 조심"은 뻔한 훅)

**감점 항목:**
- 없음 (광고성, 예측 가능한 결말, "모두를 위한" 메시지 없음)

**Roy Lee 평가:** 타겟층 최적화는 잘했으나 바이럴 폭발력은 중간 수준. 훅을 더 자극적으로.

---

### 타깃 유저 (독자 심사관): 88/100

**채점 세부:**
- "내 얘기인가?" (25점): **24점**
  → 이직 1년 차에 매우 구체적. 다만 이직자 기준 3개월~1년의 경험이 필수라 약간 좁음
  
- 저장하고 싶은가? (25점): **22점**
  → 월급 정리, 신뢰 게이지 등 실용 정보는 있으나, "어떻게 정리할지" 구체 방법이 없어 저장 가치 중간
  
- 댓글 달고 싶은가? (25점): **25점**
  → 댓글이 이미 완벽함. 포스트의 "너넨 어디에 걸렸어?" 질문이 직접 댓글 유도 (사실 댓글이 이를 증명)
  
- 읽기 편한가? (25점): **24점**
  → 1-3번이 명확히 구분되고 글자 길이 적당하며 줄바꿈 효과적. 다만 마지막 문단 "변수 정리"가 모호해 가독성 -1점

**감점 항목:**
- 없음 (길이 6~12줄 범위 내, 광범위하지 않음)

**타깃 유저 평가:** 공감은 높으나 실행 가능한 구체 조언이 부족해 저장 욕구 


--- AUDIT AT 2026-09-19T04:03:31.204Z ---
# 【심사 결과 요약】
**평균 점수: 87점**
**합격 여부: FAIL**

---

## 【상세 심사 내용】

### Roy Lee (바이럴 심사관): 88/100

**세부 평가:**
- 50% 혐오 테스트 통과 (25점): **24점** ✓
  - "착한 애는 한국에만 100만 명" — 확실한 분열 각도. 자신감 없는 사람들은 불쾌함.
  
- 공유 유발 요소 (25점): **25점** ✓
  - 강한 댓글 유발. "내 얘기네" 반응과 "아니다" 반박 모두 유도.
  
- 논란 각도가 브랜드 DNA와 일치 (25점): **24점** ✓
  - contrarian 톤 일관성 있음. 다만 "대리 부장급 머리" 표현이 약간 어색.
  
- 훅이 스크롤을 멈추는가 (25점): **25점** ✓
  - 첫 문장이 극강. 즉각 반응 유발.

**감점 항목:**
- 브랜드 언급: 없음 (+0)
- 예측 가능성: 낮음 (+0)
- 기타: -1점 (약간의 다듬기 필요)

**비평:** 바이럴 강도와 브랜드 일관성 탁월하나 표현 정제도에서 1-2점 손실.

---

### 타깃 유저 (독자 심사관): 86/100

**세부 평가:**
- "내 얘기인가?" (25점): **25점** ✓
  - 자소서 떨어진 사람, 면접 준비 중인 신입, 성실함으로만 승부하던 사람 정확히 타격.
  
- 저장하고 싶은가 (25점): **21점** ⚠
  - 인사이트 있음 (문제푸는 센스 > 착함).
  - 하지만 "어떻게 문제푸는 센스를 키울까"는 없음. 진단만 하고 처방 부족.
  
- 댓글 달고 싶은가 (25점): **25점** ✓
  - 첫 댓글이 이미 증명. 즉각적 공감과 반박 모두 유도.
  
- 읽기 편한가 (25점): **15점** ✗
  - 문장 길이: 6줄 초과, 12줄 미만 (OK)
  - 줄바꿈: 불충분. 3번째 줄이 너무 김 ("회사는 착한 인턴을... 신입을 원하고 있었는데")
  - -10점 감점

**감점 항목:**
- 광범위함: 없음 (+0)
- 길이: -10점 (한 문장이 과도하게 길어서 호흡 막힘)

**비평:** 진단은 정확하지만 처방 부족 + 가독성 조정 필요.

---

### 편집장 (품질 심사관): 87/100

**AI Slop 24패턴 체크:**

| 패턴 | 판정 |


--- AUDIT AT 2026-09-19T04:03:33.626Z ---
# 심사 결과 요약
**평균 점수: 87/100**
**합격 여부: FAIL** (90점 이상 미달)

---

## 상세 심사 내용

### Roy Lee (바이럴 심사관): 88/100

**세부 채점:**
- 50% 혐오 테스트 통과: 23/25 (이직파와 안주파 간 약간의 갈등 각도 있음)
- 공유 유발 요소: 24/25 (저장/공유/댓글 모두 강하게 유발)
- 논란 각도 × 브랜드 일치: 23/25 (커리어/자기계발 톤과 일관성 있으나 약간 조심스러움)
- 훅의 강도: 18/25 ("반드시 조심해야 할 3가지" → 예측 가능한 리스트 구조)

**감점 사항:**
- "당장 확인해" 직접 호출이 다소 광고스러움: -5점
- 결말의 "존버할 때다"가 약간 예측 가능: -8점

**평가:** 3가지 공감대 포인트가 명확해서 공유 욕구는 충분하나, 훅이 리스트 포맷의 전형성 때문에 스크롤 멈춤력이 중간급.

---

### 타깃 유저 (독자 심사관): 89/100

**세부 채점:**
- "내 얘기인가?": 25/25 (이직 6개월 차 직장인 명확한 타깃, 4~6개월 멘탈 무너짐은 매우 구체적)
- 저장하고 싶은가: 23/25 (실질적 조언—카드값 상승, 인간관계 신화화—이 즉각적)
- 댓글 달고 싶은가: 24/25 (첫 댓글이 "딱 맞았어"라고 공감하며 본인 경험 공유 중)
- 읽기 편한가: 17/25 (7줄이 적당하나, 번호 없이 문단 분리만 있어 약간 답답함)

**감점 사항:**
- 가독성: -8점 (1,2,3 번호 표시 없이 문단만 구분되어 시각적 명확성 떨어짐)

**평가:** 타깃이 정확하고 감정 터치가 날카로워서 높은 점수이나, 번호 마킹이나 불릿 추가로 가독성 개선 필요.

---

### 편집장 (품질 심사관): 85/100

**세부 채점:**
- AI slop 패턴 검사: 22/25
- 자연스러운 문체: 23/25 (친구 톤이 잘 구성됨)
- 브랜드 금지 표현: 20/25 (문제 발견)
- 공식 충실도: 20/25 (Warning/Contrarian 공식과의 일관성)

**AI Slop 적발:**

| 패턴 | 해당 부분 | 심각도 |
|------|---------|--------|
| #21 필러 표현 | "여기서", "사실은", "절대" 반복 | 중간


--- AUDIT AT 2026-09-19T04:03:50.557Z ---
# 【심사 결과 요약】
**평균 점수: 78점**
**합격 여부: FAIL**

---

## 【상세 심사 내용】

### Roy Lee (바이럴 심사관): 82/100

**채점 근거:**
- 50% 혐오 테스트 통과 (25/25): 점집/철학관을 직접 비판하는 논란 각도 명확 ✓
- 공유 유발 요소 (23/25): 저장/댓글 욕구는 강하나, 공유 임팩트는 중간 수준
- 논란 각도 vs 브랜드 DNA 일치 (22/25): "의사결정" 해시태그와 핵심 메시지(데이터 게임) 연결 양호하나 다소 느슨함
- 훅 강도 (12/25): 첫 문장 "수십만 원 낸 그 운세, 시간을 32분을 틀렸을 가능성 90%"는 관심 유발하나, "1961년 동경시 표준 전환" 이후 구체성이 떨어져 스크롤 멈춤 효과 약화

**감점:**
- 브랜드 직접 언급은 없으나, 마지막 "복채만 받네"는 다소 광고/설교조 (-5점)

---

### 타깃 유저 (독자 심사관): 75/100

**채점 근거:**
- "내 얘기인가?" (20/25): 운세/사주 본 경험자에게는 매우 구체적이나, 본 적 없는 유저에겐 거리감 있음
- 저장하고 싶은가? (18/25): "시간 차이=팔자 차이" 인사이트는 유용하나, 대안 없이 비판만 제시 (어떻게 정확한 시간을 얻을 것인가?)
- 댓글 달고 싶은가? (20/25): 첫 댓글 사례처럼 공감 댓글은 유발하나, 대화 심화 구조 약함
- 읽기 편한가? (17/25): 문단 구성 양호하나 6줄은 최소 기준선 근처 (-8점)

**감점:**
- "신비주의가 아니라 데이터 게임"은 좋으나, 이어지는 설명이 약해 정보 가치 불완전 (-7점)

---

### 편집장 (품질 심사관): 77/100

**채점 근거:**
- AI slop 패턴 체크 (18/25):
  - ✗ 패턴 #1 발견: "중요한 건" (21번 라인) — 필러 표현 (-4점)
  - ✗ 패턴 #9 발견: "신비주의가 아니라 데이터 게임인데" — 부정 병렬 구조 과용 (-3점)
  - ✓ 절대 금지 어휘는 없음

- 자연스러운 한국어 문체 (22/25): 전반적으로 구어체 잘 살아있으나, "복채만 받네"는 다소 자극적 톤 (-3점)
- 브랜드 금지 표현 미사용


--- AUDIT AT 2026-09-19T04:03:52.912Z ---
# 【심사 결과 요약】
**평균 점수: 62점**
**합격 여부: FAIL**

---

## 【상세 심사 내용】

### Roy Lee (바이럴 심사관): 58/100

**채점 내역:**
- 50% 혐오 테스트 통과 (25점): **18점** — 사주/대운이라는 초상현실적 주제가 논란 각도를 만들지만, 신비주의 거부파보다는 "이렇게도 생각할 수 있네" 수준의 반응에 그칠 우려
- 공유 유발 요소 (25점): **20점** — "존버 vs 이직" 선택지가 명확하고 의견 댓글 욕구는 유발하나, 저장/북마크 강도는 약함
- 논란 각도가 브랜드 DNA와 일치 (25점): **15점** — 사주 언급이 기존 경력 조언 톤과 급격히 달라짐 (일관성 약화)
- 훅이 스크롤을 멈추게 하는가 (25점): **5점** — "사실은 그게 다가 아니야"는 약한 훅이며, "타이밍"/"이동수" 같은 용어가 즉각적 호기심보다는 혼란 유발

**감점:**
- 사주 용어 남발로 인한 예측 불가능성 + 전문성 의심: -15점
- 없음

**최종:** 58/100

---

### 타깃 유저 (독자 심사관): 64/100

**채점 내역:**
- "내 얘기인가?" (25점): **16점** — 이직 고민 시점의 사람에겐 구체적이나, "대운 사이클" 같은 추상적 개념으로 일반화되면서 자신의 상황으로 돌아오기 어려움
- 저장하고 싶은가? (25점): **18점** — "존버 vs 즉시 이직" 판단 기준으로 재방문 가치는 있으나, 사주 검증 방법이 없어서 실행 불가능 → 저장 동기 약함
- 댓글 달고 싶은가? (25점): **18점** — "너넨 대운 체크해봤어?"라는 첫 댓글이 호응하는 이유는 명확하나, 본문 자체가 대운 계산법을 제시하지 않아 댓글도 공감/재경험 수준에서 끝남
- 읽기 편한가? (25점): **12점** — 줄바꿈 구조는 나으나, "이동수가 들어오는 시기인지 확인" 같은 용어 설명 부족으로 가독성 하락

**감점:**
- 타깃층(20-30대 직장인)이 사주라는 장벽에 일부 이탈: -10점
- 없음

**최종:** 64/100

---

### 편집장 (품질 심사관): 62/100

**채점 내역:**
- AI slop 패턴 감지 (25점): **8점** 

  **발견된 24패턴 위반:**
  
  | # | 패턴 | 발견 


--- AUDIT AT 2026-09-19T04:04:08.787Z ---
# 【심사 결과 요약】
**평균 점수: 87점**
**합격 여부: FAIL**

---

## 상세 채점

### Roy Lee (바이럴 심사관): 82/100

**세부 점수:**
- 50% 혐오 테스트 통과: 23/25
  - 자조적 톤("넌 멍한데 회사 탓하고 있지 않아?")이 일부 독자에게 거슬릴 수 있음 ✓
  - 다만 "사주의 기질" 표현이 다소 신비주의적으로 느껴져 설득력 약화

- 공유 유발 요소: 24/25
  - 댓글 유발 강함 (첫 댓글이 매우 구체적 경험담으로 응응)
  - 저장 가치: 보통 (너무 개인 감정에 의존)

- 논란 각도 × 브랜드 DNA: 20/25
  - "연봉만 보면 안 된다" 각도는 좋으나
  - 브랜드 직접 언급 없어서 일관성 판단 어려움

- 훅의 스크롤 정지력: 22/25
  - "사람들이 제일 먼저 하는 게" → "근데 사실은" 반전 구조 강함
  - 다만 두 번째 문장이 너무 길어서 여세 상실

**감점:**
- 대시(—) 사용 1회는 괜찮음 (0점)
- 브랜드 언급 없음 (0점)
- 결말이 질문형이라 예측 불가 (0점)
  
**총합: 82점**

---

### 타깃 유저 (독자 심사관): 86/100

**세부 점수:**
- "내 얘기인가?": 24/25
  - 이직 고민하는 직장인 완벽 타깃
  - "같은 식상질" "1년마다 무기력" 등 구체적 감정 건드림
  - 다만 "사주의 기질"이 다소 추상적 (모든 독자가 공감하지 않을 수 있음)

- 저장하고 싶은가?: 21/25
  - 깨달음은 있으나, 행동 지침이 부족 (어떻게 하지?)
  - "내 기질을 먼저 알았으면"이라는 첫 댓글의 답안이 더 유용함

- 댓글 달고 싶은가?: 22/25
  - 질문형 마무리("넌 회사 탓하고 있지 않아?")가 의견 표명 유발 ✓
  - 첫 댓글이 이미 증명함

- 읽기 편한가?: 19/25
  - 문장 길이 적절 (6-8줄)
  - **문제:** 세 번째 문장이 97자로 과도하게 길고, 쉼표 2개 때문에 호흡 끊김
  - "근데 사실은 그게 아니야. 넌 무의식적으로..." 이 부분을 둘로 나눴으면 훨씬 나음

**감점:**
- 길이는 적절함 (0점


--- AUDIT AT 2026-09-19T04:04:08.788Z ---
# 【심사 결과 요약】
**평균 점수: 78점**
**합격 여부: FAIL** (재작성 필요)

---

## 【상세 심사 내용】

### Roy Lee (바이럴 심사관): 82/100

**채점 구성:**
- 50% 혐오 테스트 통과 (25점): **23점** — 사주 산업 종사자가 불쾌할 여지 충분하나, "철학관을 무시한다"는 느낌보다는 "정확성 문제"에 초점이라 극단적 혐오는 덜함
- 공유 유발 요소 (25점): **24점** — "32분 오차" 구체성과 "수십만 원 받고도 모르고 나온다"는 자조적 공감이 강력
- 논란 각도와 브랜드 일치 (25점): **20점** — 투박하지만 일관된 "데이터 정확성" 톤은 유지되나, 철학관 비판이 개인 브랜드와 충돌 위험
- 훅 (25점): **15점** — "🚨 한국인 10명 중 7명은 자기 사주를 잘못 읽고 있어"는 강하나, "왜냐면 시간이 틀렸거든"이 너무 빨리 답을 드러냄

**감점 항목:**
- 없음 (광고성, 예측 가능한 결말 회피됨)

**Roy Lee 평가:** 바이럴성은 있으나 **훅이 너무 빨리 풀려서** 스크롤 정지력이 약함. "32분"이 나올 때까진 더 갈등을 끌어야 함.

---

### 타깃 유저 (독자 심사관): 76/100

**채점 구성:**
- "내 얘기인가?" (25점): **19점** — 사주에 관심 있는 사람은 공감하지만, "본인의 사주가 틀렸을 수도"라는 **불안감**만 남기고 해결책 제시 없음. "내 사주는 어떻게 확인하지?"라는 실제 다음 행동이 안 보임
- 저장하고 싶은가? (25점): **19점** — "진태양시 변환표"라는 구체적 정보는 있으나, 포스트 자체가 '문제 제기'일 뿐 **정보 가치가 낮음** (변환표 링크, 확인 방법 없음)
- 댓글 달고 싶은가? (25점): **22점** — 첫 댓글이 "철학관 경험담"으로 잘 달려 있어, 댓글 유도는 성공. 다만 포스트 본문만으로는 중립적 반응 유발
- 읽기 편한가? (25점): **16점** — 단락 구조는 나쁘지 않으나, **문장이 길고** 띄어쓰기가 부정확함 ("근데 여기가 웃긴데" 앞 단락과 연결성 약함)

**타깃 유저 감점 항목:**
- **-25점** (너무 광범위): 사주 산업 비판


--- AUDIT AT 2026-09-19T04:04:31.417Z ---
# 【심사 결과 요약】
**평균 점수: 87점**
**합격 여부: FAIL**

---

## 상세 심사 내용

### Roy Lee (바이럴 심사관): 92/100

**세부 채점:**
- 50% 혐오 테스트 통과 (25점): 25점 ✅
  - "점집을 대충 치는 사기"라는 명확한 대적 각도 존재
  - 기득권(족집게 역술인, 점집)에 대한 비판으로 일부 반감 확실
  
- 공유 유발 요소 (25점): 24점 ⚠️
  - 저장 동기: 높음 (사주 본 경험자는 검증 충동)
  - 댓글 동기: 매우 높음 (첫 댓글이 이미 동의 + 자기 경험 공유)
  - 공유 동기: 중간 (공격적이어서 조심스러워할 수 있음)
  
- 논란 각도와 브랜드 DNA 일치 (25점): 24점 ⚠️
  - "시간 데이터" 재프레이밍은 강함
  - 다만 "사주는 신비주의 아니라"는 주장이 명확하지 않음 (사주학파에 따라 달라짐)
  
- 훅 강도 (25점): 25점 ✅
  - "근데 니가 본 사주, 정말 니 사주 맞아?" — 즉각적 의구심 자극
  - "🚨" 이모지로 긴급성 부각

**감점 항목:** -8점
- 이모지 장식 경미: -3점
- 다소 광범위한 주장 (모든 족집게 역술인이 다 "그 정도면 괜찮아"라고 말하지는 않음): -5점

---

### 타깃 유저 (독자 심사관): 84/100

**세부 채점:**
- "내 얘기인가?" (25점): 22점 ⚠️
  - **높은 공감:** 사주 본 경험자 (10대-40대 여성 중심)
  - **낮은 공감:** 점 안 본 사람, 정확한 시간을 알고 있는 사람
  - 타깃이 "사주 경험자 중 정확한 시간을 모르는 사람"으로 한정 → 포괄성 약함
  
- 저장하고 싶은가? (25점): 23점 ⚠️
  - 정보 가치: 중간 (1961년 표준시 개정은 실제 데이터)
  - 실행 가치: 낮음 ("병원에 전화 걸어봐"는 구체적 액션 제시이지만, 실제로 실행할 사람은 소수)
  
- 댓글 달고 싶은가? (25점): 25점 ✅
  - 첫 댓글이 이미 "나도!" 패턴으로 댓글 유도 극대화
  - 마지막 질문 "넌 몇 분대냐?"가 댓글 호출
  
- 읽기 편한가? (25점): 24점 ⚠


--- AUDIT AT 2026-09-19T04:04:50.981Z ---
# 심사 결과 요약
**평균 점수: 87점**
**합격 여부: FAIL (재작성 필요)**

---

## 상세 심사 내용

### Roy Lee (바이럴 심사관): 82/100

**세부 채점:**
- 50% 혐오 테스트 통과 (25점): **23점** — 자기계발 강사 비판, 기존 재테크 조언 거부하는 각도는 있으나, 사주 기질론으로 귀결되면서 논란 강도가 약해짐
- 공유 유발 요소 (25점): **20점** — 저장/댓글 욕구는 약함. "어떻게 할 거야?"는 훅이지만, 3가지 선택지가 예측 가능한 구조라 신선함 부족
- 논란 각도 vs 브랜드 DNA (25점): **22점** — 금융 현실 비판은 좋으나, 사주 솔루션으로 넘어가면서 브랜드 신뢰도 하락. 너무 오컬트 쪽으로 치우침
- 훅 강도 (25점): **22점** — 첫 문장("손가락이 떨림")은 좋지만, 바로 다음 "자제력 아니라 기질"로 설명하면서 호기심 유지 미흡

**감점:**
- 선택지 3번이 너무 구체적인 솔루션처럼 들려 광고 느낌 (-5점)
- 예측 가능한 반전 구조 (-3점)

---

### 타깃 유저 (독자 심사관): 85/100

**세부 채점:**
- "내 얘기인가?" (25점): **24점** — 월급-카드값의 구체적 수치(690-580)는 공감을 잘 자극하나, 사주 기질론은 타깃층(금융 초보자)이 따라가기 어려움
- 저장하고 싶은가? (25점): **20점** — 1, 2번 선택지는 비판만 하고 끝나 정보가치 낮음. 3번 선택지만 인사이트인데 사주 해석이 필요해서 실용성 떨어짐
- 댓글 달고 싶은가? (25점): **22점** — "어떻게 할 거야?"는 댓글 유도 좋으나, 첫댓글이 이미 답을 줘버려서 추가 의견 표명 동기 감소
- 읽기 편한가? (25점): **24점** — 길이(약 11줄)와 문장 호흡은 좋으나, 사주 용어(화성띠, 천을귀인, 도화) 설명 부족으로 가독성 낮아짐

**감점:**
- 3번 솔루션이 일반인이 따라가기 어려운 전문 영역 (-5점)

---

### 편집장 (품질 심사관): 91/100

**AI Slop 24패턴 검사 결과:**

✅ **통과한 항목:**
- 금지 어휘 대부분 회피 (활용하다, 다양한 등 없음)
- 자연스러운 구


--- AUDIT AT 2026-09-19T04:04:59.882Z ---
# 【심사 결과 요약】
**평균 점수: 87점**
**합격 여부: FAIL**

---

## 【상세 심사 내용】

### Roy Lee (바이럴 심사관): 82/100

**세부 채점:**
- 50% 혐오 테스트 통과: 23/25 (직장인의 자존심 상함과 카드 남용이라는 불편한 진실을 꼬집어 공감대 형성, 다만 사주 언급으로 일부 독자 반발 가능)
- 공유 유발 요소: 24/25 (세 가지 경로의 명확한 선택지가 댓글 욕구 극도로 자극, 첫 댓글이 바로 이를 증명)
- 논란 각도와 브랜드 DNA 일치: 20/25 (직무유기, 자존심, 사업 현실이 핵심인데 "사주"라는 신비주의 요소가 브랜드 일관성을 약화)
- 훅의 강도: 22/25 (오프닝이 수학이 안 맞는 구체적 숫자로 즉각 강렬하나, "사주를 깠는데"가 예측 가능함)

**감점:**
- -8점: "사주에 비견이 세고..."의 설명 대사가 다소 교과서적으로 들림

---

### 타깃 유저 (독자 심사관): 89/100

**세부 채점:**
- "내 얘기인가?": 24/25 (월급보다 많은 카드값, 주변과의 비교, 자존심 상함이 직장인/프리랜서 희망자의 정확한 통증 포인트. 다만 사주 부분은 공감도 떨어짐)
- 저장하고 싶은가: 22/25 (3가지 판로 각각의 후속 결과를 예측할 수 있어 재생성 가치 있음. 다만 각 선택지의 구체적 후유증이 약간 더 필요)
- 댓글 달고 싶은가: 23/25 (본문과 첫 댓글이 "나는 3번을 선택했고 이게 결과"라는 경험담 형식으로 바로 대화 이어지게 함. 극도로 잘 구성)
- 읽기 편한가: 20/25 (길이는 적절(7줄)하나 '사주 설명' 부분이 갑자기 딱딱해짐. 문체 톤이 일관되지 않음)

**감점:**
- -6점: 사주 설명 부분의 갑작스러운 톤 변화로 몰입 끊김

---

### 편집장 (품질 심사관): 91/100

**AI Slop 24패턴 체크:**
- ❌ **패턴 #21 필러 표현 감지**: "솔직히" (1회)
- ❌ **패턴 #8 대리 동사**: "역할을 합니다" 는 없지만 "기질상 남의 지시 받는 게 물리적으로 고통"의 표현이 다소 설명 과다
- ✅ 절대 금지 어


--- AUDIT AT 2026-09-19T04:05:15.241Z ---
# 심사 결과 요약
**평균 점수: 87/100**
**합격 여부: FAIL (재작성 필요)**

---

## 상세 심사 내용

### Roy Lee (바이럴 심사관): 92/100

**채점 세부:**
- 50% 혐오 테스트 통과 (25점): ✅ 25점
  - "스님도 파계시키는 기운" → 보수적 가치관과 충돌 가능성, 종교 민감성
  
- 공유 유발 요소 (25점): ✅ 24점
  - 댓글에서 실제로 공감과 경험 공유 유발됨 (-1: 중간 정도 강도)
  
- 논란 각도와 브랜드 DNA 일치 (25점): ✅ 25점
  - 사주/운명 카테고리의 신비로운 톤과 완벽 일치, 일관성 있음
  
- 훅의 즉시성 (25점): ✅ 18점
  - "화개"라는 낯선 용어로 시선 멈춤 강함, 그러나 타깃(사주 관심층)에만 제한적 (-7)

**감점 항목 적용:** 없음

---

### 타깃 유저 (독자 심사관): 85/100

**채점 세부:**
- "내 얘기인가?" (25점): ✅ 20점
  - 타깃이 잠재된 매력 찾기를 원하지만, "환경과 타이밍" 설명이 모호함 (-5)
  - 누구의 얘기인지 명확하지 않음 (기업인? 예술가? 전직 직장인?)
  
- 저장하고 싶은가? (25점): ✅ 22점
  - "화개"라는 개념은 저장 가치 있으나, 실제 적용 방법 부족 (-3)
  
- 댓글 달고 싶은가? (25점): ✅ 23점
  - 첫 댓글에서 이미 검증됨, 공감대 형성 (-2: 토론보다 공감 수준)
  
- 읽기 편한가? (25점): ✅ 20점
  - 길이 적당(8줄), 그러나 문장이 길고 '너''화개' 등 반복으로 가독성 저하 (-5)

**감점 항목:** 
- 너무 광범위한 느낌은 아니나, 구체적 상황 부재 (감점 미적용, 경고 수준)

---

### 편집장 (품질 심사관): 79/100

**채점 세부:**
- AI slop 패턴 없음 (25점): ⚠️ 15점
  
  **적발된 패턴:**
  - **패턴 9번** (부정 병렬): "화려함을 덮는다는 뜻인데" → 직접 정의 방식
  - **패턴 21번** (필러): "솔직히" (첫 댓글) 
  - **패턴 22번** (과도한 헤징): "그럴 수도 있어" 
  - **패턴 18번** (AI 협력 흔적): "궁금한지 모


--- AUDIT AT 2026-09-19T04:05:16.501Z ---
# 심사 결과 요약
**평균 점수: 78점**
**합격 여부: FAIL**

---

## 상세 심사 내용

### Roy Lee (바이럴 심사관): 72/100

**채점 세부:**
- 50% 혐오 테스트 통과: 20/25 (철학관 비판이 각도를 제공하나, 일부는 호응할 수 있음)
- 공유 유발 요소: 23/25 (논쟁적 주제로 댓글/공유 강하게 유발)
- 논란 각도와 브랜드 DNA 일치: 18/25 (사주 신뢰도 비판은 좋으나, 브랜드 정체성이 모호함)
- 훅의 강도: 22/25 (통계 수치 "10명 중 7명"으로 즉각적 관심 유발)

**감점:**
- 브랜드 직접 언급 없음: 0점
- 예측 가능한 결말("데이터는 정확해야"): -15점

---

### 타깃 유저 (독자 심사관): 76/100

**채점 세부:**
- "내 얘기인가?": 21/25 (사주에 관심 있는 사람에게만 해당, 타깃층이 좁음)
- 저장하고 싶은가?: 19/25 (정보는 제공하나 실질적 해결책 부재 — "그럼 어디서 정확한 사주를?"이 답답함)
- 댓글 달고 싶은가?: 23/25 (첫 댓글이 이미 의문을 제시 → 댓글 유도 성공)
- 읽기 편한가?: 19/25 (문장이 짧고 명확하나, 단락 구분이 아쉬움)

**감점:**
- 타깃층이 너무 좁음(사주 관심층만): -10점

---

### 편집장 (품질 심사관): 84/100

**채점 세부:**
- AI slop 패턴 검사: 22/25 
  - **적발된 패턴:**
    - 패턴 #1: "정확해야 한다" (과장된 중요성) ✗
    - 패턴 #21: "솔직히" (필러 표현) — 댓글에서 사용 ✗
  
- 자연스러운 한국어 문체: 24/25 (구어체 자연스러움, 친근한 톤)
- 브랜드 금지 표현 미사용: 24/25 (특이 사항 없음)
- 포스트 공식 충실: 14/25
  - **문제:** 이 포스트는 **Contrarian(반대론)** 공식을 따르는데, 결말이 약함
  - "사주는 과학이 아니지만 데이터다"라는 주장은 좋으나, 반론 제시나 기존 신념 뒤집기가 부족함

**감점:**
- 필러 표현 & 과장된 중요성: -8점
- Contrarian 공식 완성도 부족: -4점

---

## 비평 (1문장 요약)

**훅은 강하고 논란각도도 좋으나, 타


--- AUDIT AT 2026-09-19T04:05:34.293Z ---
# 심사 결과 요약
**평균 점수: 72점**
**합격 여부: FAIL**

---

## 상세 심사 내용

### Roy Lee (바이럴 심사관): 68/100

**채점 내역:**
- 50% 혐오 테스트 통과 (25점): 18점
  - 사주 업계 종사자들에 대한 비판이 있으나, "사기에 가까워"는 표현이 너무 직설적이라 일부는 방어적 반응 가능. 50:50 분화 미흡.
  
- 공유 유발 요소 (25점): 22점
  - "내 사주가 틀렸을 수도?" 불안감 유발은 좋으나, 댓글 유발 각도가 약함. 첫 댓글이 "제각각이네"로 끝나는 것처럼 수렴성이 떨어짐.
  
- 논란 각도가 브랜드 DNA와 일치 (25점): 16점
  - 브랜드 보이스가 불명확함. "역학은 데이터다"라는 메시지가 갑자기 나타나 일관성 약화.
  
- 훅이 스크롤을 멈추게 하는가 (25점): 12점
  - "한국인 10명 중 7명은"은 좋은 훅이나, 통계 출처가 명시되지 않아 신뢰도 하락. 두 번째 문장의 기술적 설명으로 바로 진입해 감정 구간 부족.

**감점:**
- 브랜드 직접 언급 느낌 없음: 0점
- 모두를 위한 메시지 아님: 0점
- 예측 가능한 결말 (-15점): "사기에 가까워"로 마무리되어 단순 비판으로 끝남

---

### 타깃 유저 (독자 심사관): 74/100

**채점 내역:**
- "내 얘기인가?" (25점): 20점
  - 사주에 관심 있는 사람들에게는 공감대 형성되나, 대상이 '사주 관심층'에 한정. 일반 독자 진입장벽 높음.
  
- 저장하고 싶은가? (25점): 19점
  - "32분 오차 = 시주 전체 변경"은 유용한 정보이나, 해결책이 없음. 읽고 나면 불안감만 남고 행동 가능한 인사이트 부족.
  
- 댓글 달고 싶은가? (25점): 18점
  - 첫 댓글이 이미 "제각각이네"로 의문을 제시했는데, 포스트 자체가 확정적 주장("사기에 가까워")이라 더 이상 논의 여지가 적어 보임.
  
- 읽기 편한가? (25점): 17점
  - 문단 길이가 적당하나, 기술 용어(시주, 시간차, 32분) 설명이 불충분해 비전공자는 중반부터 따라가기 어려움.

**감점:**
- 타깃 범위가 너무 좁음 (-8점


--- AUDIT AT 2026-09-19T04:05:58.199Z ---
# 심사 결과

## 📊 심사 결과 요약
**평균 점수: 28/100**
**합격 여부: FAIL**

---

## 🔍 상세 심사 내용

### Roy Lee (바이럴 심사관): 15/100
**감점 사유:**
- 50% 혐오 테스트: 5점 (논란 각도가 약함)
- 공유 유발 요소: 8점 (액션 없음)
- 브랜드 DNA 일치: 0점 (-30점: 브랜드 직접 언급 "브랜드 보이스 100% 위배" 자기 검열)
- 훅의 즉각성: 2점 (스크롤 정지력 없음)

**평가:** 포스트가 포스트를 부정하는 메타 구조. 실제 콘텐츠가 없고 "대신 이 중 고르세요"만 있음. 바이럴 가능성 전무.

---

### 타깃 유저 (독자 심사관): 22/100
**감점 사유:**
- "내 얘기인가?": 3점 (누구 대상인지 불명확)
- 저장하고 싶은가: 5점 (정보 없음, 선택지만 제시)
- 댓글 달고 싶은가: 10점 (댓글 선택지 강요 느낌)
- 읽기 편한가: 4점 (-10점: 5줄 미만으로 너무 짧음)

**평가:** 포스트가 아닌 설문조사. 실제 인사이트/스토리텔링이 전혀 없어서 독자가 감정적으로 연결될 여지가 없음.

---

### 편집장 (품질 심사관): 48/100
**감점 사유:**
- AI slop 패턴: 15점 
  - ✗ 패턴 #1: "경고", "완전 폐기" (과장된 중요성)
  - ✗ 패턴 #6: 역경→극복 공식 ("폐기됨 → 대신 신규 적용")
  - ✗ 패턴 #16: 번호 매기기 ⑦⑧⑨ (목록 강요)
  - ✗ 패턴 #18: "어떤 걸로 작성해줄까?" (AI 협력 흔적)
  
- 한국어 문체: 18점 (자연스럽지만 메모체)
- 브랜드 금지 표현: 10점 (-25점: "통계 조작", "슬롭" 등 너무 비난조)
- 포스트 공식 불충실: 5점 (어떤 공식도 따르지 않음, 앵커링만 있음)

**평가:** 기획서/레뷰 문서처럼 읽힘. 포스트가 아닌 에디터 노트 수준.

---

## 🚨 결론

이것은 **포스트가 아니라 포스트 폐기 공지**입니다.

**재작성 지시:**
1. **위 4개 옵션 중 1개만 선택**하고 완전히 새로운 포스트로 작성
2. 앞의 "폐기 


--- AUDIT AT 2026-09-19T04:06:15.459Z ---
# 【심사 결과 요약】
**평균 점수: 72점**
**합격 여부: FAIL**

---

## 【상세 심사 내용】

### Roy Lee (바이럴 심사관): 68/100

**채점 상세:**
- 50% 혐오 테스트 통과: 18/25 (논란 각도는 명확하나, 신뢰도 문제로 일부만 반감)
- 공유 유발 요소: 22/25 (출생 시간 재확인 동기 충분, 댓글 욕구 강함)
- 논란 각도 × 브랜드 DNA 일치: 15/25 (철학관 비판이 과도해 보이고, 포스트 톤이 일관성 떨어짐)
- 훅 강도: 20/25 (첫 문장은 강하나, "30분 차이"라는 주장의 과학적 신뢰도 부족)

**감점 사유:**
- "데이터 오류야"라는 단정이 강하나 근거 제시 부족 (-7점)
- 철학관 음모론 톤이 브랜드 신뢰도 훼손 (-5점)

---

### 타깃 유저 (독자 심사관): 76/100

**채점 상세:**
- "내 얘기인가?": 20/25 (사주에 관심있는 사람에겐 즉시 공감, 하지만 주류 타깃에겐 니치함)
- 저장하고 싶은가?: 19/25 (출생 시간 재확인 팁은 실용적이나, 검증 방법이 구체적이지 않음)
- 댓글 달고 싶은가?: 21/25 (첫 댓글이 증명하듯 매우 높음)
- 읽기 편한가?: 16/25 (줄바꿈 충분하나 너무 선동적 톤이 피로도 높음)

**감점 사유:**
- "철학관은 왜 정정 안 하나" 추측이 근거 없음 (-5점)
- 호적 vs 병원 기록 확인 방법이 구체적이지 않음 (-4점)

---

### 편집장 (품질 심사관): 72/100

**채점 상세:**
- AI slop 패턴 검사: 18/25
  - **패턴 #5 위반**: "대부분의 철학관은" (모호한 귀속, 출처 없음)
  - **패턴 #1 위반**: "인생 판을 바꿀 수도 있는데" (과장된 중요성)
  - **패턴 #21 위반**: "솔직히" (필러 표현)
  - **패턴 #24 위반**: "신비주의 아니라 그냥 데이터 오류야" (Not X, It's Y 구조)

- 자연스러운 한국어 문체: 20/25 (구어체 충분하나 선동 톤이 부자연스러움)
- 금지 어휘 준수: 19/25
  - ❌ "중요한" 사용 (2회: "사주의 핵심인", "인생 판을")
  
- 공식 충실도: 15/25 (warning 


--- AUDIT AT 2026-09-19T04:06:32.518Z ---
# 심사 결과 요약
**평균 점수: 18/100**
**합격 여부: FAIL**

---

## 상세 심사 내용

### Roy Lee (바이럴 심사관): 8/100

**세부 채점:**
- 50% 혐오 테스트 통과: 5/25 (논란 각도 전혀 없음. 내부 용어 난무로 외부인 이해 불가)
- 공유 유발 요소: 2/25 (아무도 공유할 수 없는 텍스트)
- 논란 각도 브랜드 일치: 0/25 (브랜드 정의 불가)
- 훅의 스크롤 중단력: 1/25 ("이거 안 돼" 만으로는 호기심 유발 불가)

**감점:**
- 브랜드 직접 언급/광고 느낌: -30점 (내부 시스템 용어 노출, 외부 공개 콘텐츠 아님)
- 예측 가능한 결말: -15점 (시스템 안내식 끝맺음)

**평가:** Threads 공개 콘텐츠가 아니라 팀 내부 커뮤니케이션으로 보임. 바이럴 불가능.

---

### 타깃 유저 (독자 심사관): 12/100

**세부 채점:**
- "내 얘기인가?": 2/25 (외부인은 내용 이해 불가)
- 저장하고 싶은가?: 1/25 (저장 가치 제로)
- 댓글 달고 싶은가?: 2/25 (댓글 달 대상이 불명확)
- 읽기 편한가?: 7/25 (줄바꿈은 있지만 내용 자체가 암호문)

**감점:**
- 너무 광범위해서 아무도 내 얘기가 아닌 느낌: -25점

**평가:** 타깃 정의 자체가 불가능. "어느 걸로 갈래?" 질문은 포스트 발행 전 단계의 회의록.

---

### 편집장 (품질 심사관): 33/100

**세부 채점:**
- AI slop 패턴 검사: 10/25
  - **적발 패턴:**
    - 패턴 #2: 근거 없는 권위 ("2026-09-05 레거시 퇴역" — 출처/근거 없음)
    - 패턴 #5: 모호한 귀속 ("우리" 조직 용어)
    - 패턴 #8: 대리동사 ("역할", "수행" 대체는 없으나 "정확히 박혀" 같은 어색한 표현)
    - 패턴 #18: AI 협력 흔적 ("어느 걸로 갈래?" "말해주면")

- 자연스러운 한국어 문체: 15/25 (구어체는 있으나 내부 전문용어로 인한 부자연스러움)

- 브랜드 금지 표현: 5/25
  - **적발 금지어휘:**
    - "활용하다" (적발 안 됨)
    - "다양한" (적발 안 됨)
    


--- AUDIT AT 2026-09-19T04:06:49.245Z ---
# 【심사 결과 요약】
**평균 점수: 68점**
**합격 여부: FAIL**

---

## 【상세 심사 내용】

### Roy Lee (바이럴 심사관): 62/100

**세부 채점:**
- 50% 혐오 테스트 통과: 18/25 (직급/연봉 중심의 기존 관점을 깨는 각도가 있지만, 강도가 약함)
- 공유 유발 요소: 20/25 (경험담과의 공감으로 댓글 유발 가능하나, 저장/공유 동기는 약함)
- 논란 각도 브랜드 일치: 15/25 (주제의 논란성은 있으나 브랜드 보이스로 일관되지 않음)
- 훅 강도: 18/25 (연봉→멘토→관성기질 순서는 신선하나, "사주"라는 표현이 너무 갑자기 튀어서 거부감 유발)

**감점 항목 적용:**
- "정말 중요한 건" (-5점): 불필요한 강조
- "사주로 먼저 봐야 한다" (-5점): 의미가 모호하고 예측 불가능하지만 명확하지 않음

---

### 타깃 유저 (독자 심사관): 71/100

**세부 채점:**
- "내 얘기인가?": 22/25 (이직 경험자에게 직결되지만, "관성 기질" "의사결정 속도"라는 추상적 용어로 인해 자신의 상황과의 연결이 약함)
- 저장하고 싶은가: 16/25 (실용적 인사이트가 없음. "멘토"와 "관성 기질"이라는 개념만 제시되고 HOW가 빠짐)
- 댓글 달고 싶은가: 20/25 (첫 댓글처럼 공감과 질문을 유발함)
- 읽기 편한가: 13/25 (6~12줄 기준 충족하나, 한 문장이 너무 길고 "관성 기질"→"의사결정 속도" 대응이 명확하지 않아 이해도 떨어짐)

**감점 항목 적용:**
- 6줄 미만/초과 기준: 충족하나, 가독성 구조 부족 (-8점)

---

### 편집장 (품질 심사관): 67/100

**세부 채점:**
- AI slop 패턴 검사: 18/25

  **적발된 AI slop 패턴:**
  1. **"정말 중요한 건"** — 패턴 #1 (과장된 중요성)
  2. **"~해야 한다는 거야"** — 패턴 #22 (과도한 헤징 변형)
  3. **"연봉 올려봤자"** — 패턴 #9 (부정 병렬 구조)
  4. **"사주"라는 용어** — 패턴 #5 (모호한 귀속/의미)
  5. **"식상(빠른 실행)" 설명** — 패턴 #15 (인라인 정의, 갑자


--- AUDIT AT 2026-09-19T04:06:51.477Z ---
# 심사 결과 요약

**평균 점수: 62점**
**합격 여부: FAIL**

---

## 상세 심사 내용

### Roy Lee (바이럴 심사관): 45/100

**세부 채점:**
- 50% 혐오 테스트 통과: 15/25 (논란 각도 약함. "이직하지 마" vs "하세요"의 명확한 대척이 아님)
- 공유 유발 요소: 10/25 (댓글 유도성은 있으나 저장/공유 동기 약함)
- 브랜드 DNA 일치: 5/25 (사주/직업궁 언급이 포지셔닝과 어울리지 않음 - 신뢰성 훼손)
- 훅 강도: 15/25 (선언은 있으나 즉각성 부족. "조심해야 할 3가지"는 과도하게 일반적)

**감점:**
- 사주 직업궁 언급으로 브랜드 신뢰성 추락: -20점
- 예측 가능한 결말("한 번만 더 보고 판단"): -15점

---

### 타깃 유저 (독자 심사관): 58/100

**세부 채점:**
- "내 얘기인가?": 18/25 (이직 6개월 차라는 구체성은 있으나, 사주/직업궁은 일부만 공감)
- 저장하고 싶은가?: 12/25 (일반적 조언 수준. 재사용 가치 낮음)
- 댓글 달고 싶은가?: 20/25 (첫 댓글이 강력하게 공감했으므로 잠재성 있음)
- 읽기 편한가?: 20/25 (구조 명확, 길이 적절. 단, 번호 매김 후 갑자기 사주 언급으로 톤 변함)

**감점:**
- 타깃의 50% 이상이 사주에 거부감(유물론자, 과학주의자): -20점

---

### 편집장 (품질 심사관): 83/100

**AI Slop 24패턴 검사:**

**적발된 패턴:**
- **패턴 1** (과장된 중요성): "반드시 조심해야 할" - 다소 과장
- **패턴 2** (근거 없는 권위): "사주로 보면 대운 교운기와 직업궁" - 출처 전혀 없음
- **패턴 21** (필러 표현): "솔직히", "사실은" 없지만 구어체는 자연스러움

**금지 어휘 검사:**
- "착각하는 것" (금지어 아님)
- "역시"(구어) 문제없음
- 전반적으로 금지 어휘 위반 없음 ✓

**세부 채점:**
- AI slop 없음: 15/25 (사주 언급은 AI가 아니라 **브랜드 신뢰 파괴**이므로 다른 차원의 문제)
- 자연스러운 한국어: 22/25 (구어체 자연스러움 ✓)
- 금지 표현 미사용: 23/25 (


--- AUDIT AT 2026-09-19T04:07:05.164Z ---
# 【심사 결과 요약】
**평균 점수: 72점**
**합격 여부: FAIL**

---

## 상세 심사 내용

### Roy Lee (바이럴 심사관): 68/100

**세부 채점:**
- 50% 혐오 테스트 통과 (25점): **20점** — "넌 왜 또 도망치려고 해?"는 자극적이나, 이직 준비자 전체를 깎아내리는 톤이라 공감층보다 반감층이 더 크다. 대신 논란성은 높음.
- 공유 유발 요소 (25점): **22점** — 자신의 패턴을 깨닫게 하는 인사이트가 있어 저장/공유 욕구 있지만, 훅이 모두에게 먹히진 않음.
- 논란 각도 × 브랜드 DNA 일치 (25점): **18점** — 사주라는 개인적 영역 도입이 콘텐츠 톤과 맞지 않고, 강한 주장이지만 주관적 경험에 기댄 느낌.
- 훅의 스크롤 중단력 (25점): **8점** — 첫 문장 "자기소개서 써야 한다고 생각했어?"는 약함. "면접관이 진짜 묻고 싶은 건" 부분이 더 강력했어야 함.

**Roy Lee 감점:**
- 브랜드 직접 언급은 없으나, 사주/위계라는 추상적 개념 도입으로 명확성 감소: -3점

---

### 타깃 유저 (독자 심사관): 71/100

**세부 채점:**
- "내 얘기인가?" (25점): **20점** — 이직을 고민하는 사람에겐 강하게 꽂히지만, 이미 같은 패턴을 인식한 사람에게만 작동. 광범위 타깃.
- 저장하고 싶은가? (25점): **18점** — 인사이트는 있으나("포지션 고르니까 아예 달라짐"), 실질적 액션 가이드가 부족해 나중에 다시 볼 가치가 중간 정도.
- 댓글 달고 싶은가? (25점): **20점** — 공감/비공감 양극단 의견 유발 가능하나, 댓글 충동은 중간 수준. 첫 댓글이 이미 답을 제시해 대화 깊이 제한.
- 읽기 편한가? (25점): **13점** — 길이는 적절(6줄 내외)하나, 문장이 길고 개념 전환이 급함. "사주에 식상이 80%"라는 갑작스러운 개념 도입이 가독성 해침.

**타깃 유저 감점:**
- 개념 설명 부족 (사주, 식상, 천간충돌)으로 모르는 독자 배제: -10점

---

### 편집장 (품질 심사관): 76/100

**세부 채점:**
- AI slop 24패턴 검사 (25점): **18점** — 다음 위반 발견:
  


--- AUDIT AT 2026-09-19T04:07:10.018Z ---
# 【심사 결과 요약】
**평균 점수: 87점**
**합격 여부: FAIL** (재작성 필요)

---

# 【상세 심사】

## Roy Lee (바이럴 심사관): 82/100

**채점 상세:**
- 50% 혐오 테스트 통과 (25점): **23점** 
  - "6개월 차에 퇴사 카드 꺼내는 건 미련함"이라는 명확한 각도가 있으나, 신입직 vs 경력직 간 갈등까지 확장되지 않아 논란 강도 약함

- 공유 유발 요소 (25점): **24점**
  - "1년 차에 조직이 개편되면서 팀장이 바뀌었어"라는 첫 댓글의 공감이 강력함. 저장/공유 욕구 유발 ✓

- 논란 각도가 브랜드 DNA와 일치 (25점): **21점**
  - 신뢰의 목소리는 일관성 있으나, 브랜드 위반 감지: **"나만 느려라고 자책"** (동의 없이 타깃 심리 단정)
  - 직접 조언하는 톤이 강해서 선생님 느낌 발생

- 훅이 스크롤을 멈추는가 (25점): **24점**
  - "반드시 조심해야 할 3가지" 좋은 훅. 숫자 공식 + 실용성

**감점 항목:**
- 없음

---

## 타깃 유저 (독자 심사관): 86/100

**채점 상세:**
- "내 얘기인가?" (25점): **24점**
  - "이직 6개월 차"라는 매우 구체적 타이밍 타겟 ✓
  - 하지만 모든 이직자가 아니라 특정 성향(성급한 포기형)만 강하게 울림

- 저장하고 싶은가? (25점): **21점**
  - "1년 버텨야 하는 이유" 정도가 유일한 인사이트
  - 구체적 사례(팀장 교체, 조직 개편) 부족 → 실행 가능성 낮음

- 댓글 달고 싶은가? (25점): **24점**
  - 첫 댓글에서 강하게 공감 유발 (실제로 댓글이 증거)
  - "참기 뼈 아플 때가 맞는 신호"라는 표현이 공감대 형성

- 읽기 편한가? (25점): **25점**
  - 줄바꿈 적절, 길이 7줄(6-12줄 범위) ✓
  - 1,2,3번호 + 끝 1줄 정리 구조 명확

---

## 편집장 (품질 심사관): 92/100

**AI Slop 패턴 검사:**

✅ **적발된 패턴:**

| 패턴 | 위치 | 내용 | 심각도 |
|------|------|------|--------|
| #9 부정 병렬 구조 | 2번 항목 | "너는 아직 보여주기식 


--- AUDIT AT 2026-09-19T04:07:21.893Z ---
# 심사 결과 요약
**평균 점수: 88점**
**합격 여부: FAIL (재작성 필요)**

---

## 상세 심사 내용

### Roy Lee (바이럴 심사관): 92/100

**세부 채점:**
- 50% 혐오 테스트: 24/25 (대기업/스타트업 선호도 갈등 유발 ✓)
- 공유 유발 요소: 25/25 (경험담 공감 + 댓글 충동 강함 ✓)
- 논란 각도와 브랜드 일치: 24/25 (커리어 현실주의 톤 일관성 있음)
- 훅의 강도: 23/25 ("연봉은 표면일 뿐" 첫 문장 강하나, "진짜는"을 두 번 반복하며 약간 길어짐)

**감점 사유:**
- "진짜는? 넌" 구조가 약간 예측 가능한 반전 느낌: -3점

---

### 타깃 유저 (독자 심사관): 85/100

**세부 채점:**
- "내 얘기인가?": 23/25 (직무 경험자에겐 극도로 구체적이나, 비직장인/다른 직급에겐 거리감)
- 저장하고 싶은가?: 22/25 ("실행력 vs 관성" 프레임은 인사이트이나, 실제 체크리스트나 해결책 부족)
- 댓글 달고 싶은가?: 23/25 (첫 댓글이 본보기로 잘 달렸음 ✓)
- 읽기 편한가?: 17/25 ⚠️ (문장 길이 2개 이상 200자 초과, 줄바꿈 부족으로 가독성 하락)

**감점 사유:**
- 가독성: -8점 (긴 문장이 숨 쉴 틈 없이 이어짐)

---

### 편집장 (품질 심사관): 87/100

**AI Slop 24패턴 검사:**

✓ 통과한 항목:
- 금지 어휘 대부분 회피 (구어체 잘 유지)
- 자연스러운 한국어 톤 ("미친다", "와장창난다" 친근함)
- 기계적 강조 볼드 없음

⚠️ **적발된 패턴:**

1. **패턴 #22 - 과도한 헤징** (-8점)
   - "~수도 있다는 거지"가 약 3회 반복
   - "그 조직과 180도 반대**라는 거야**" (확정 표현으로 바꿀 것)

2. **패턴 #13 - 대시 남용** (-3점)
   - "진짜는? 넌" 이후 내용이 긴데 중간에 마침표 대신 흐름으로 이어짐

3. **기술적 문제** (-2점)
   - "식상(실행력)"의 한자/신조어 갑작스러운 도입 (정의 필요)
   - 일반 독자에겐 뜻이 불명확

**AI 냄새:** 낮음 


--- AUDIT AT 2026-09-19T04:07:37.990Z ---
【심사 결과 요약】
평균 점수: 87점
합격 여부: FAIL

---

【상세 심사 내용】

**Roy Lee (바이럴 심사관): 82/100**

- 50% 혐오 테스트 통과 (25점): 22점
  → 선택지 1번(퇴사)과 2번(유지) 사이에 미묘한 긴장이 있으나, 3번까지 더하면서 논란 각도가 분산됨
  
- 공유 유발 요소 (25점): 23점
  → 매우 강함. "너넨 몇 번이냐?"는 댓글 유발 완벽. 선택지 구조가 공유욕 자극
  
- 논란 각도 vs 브랜드 DNA (25점): 19점
  → **감점: 브랜드 직접 언급 없음에도 "의사결정" 해시태그가 다소 교과서적**. 개인의 솔직한 고민보다 '의사결정 프레임워크'처럼 느껴짐 (-5점)
  
- 훅의 스크롤 멈춤 (25점): 24점
  → "월급날 통장에 5000만원 갑자기" + "삼촌 유산" 조합은 매우 강력. 첫 줄에서 클릭/멈춤 완벽

---

**타깃 유저 (독자 심사관): 89/100**

- "내 얘기인가?" (25점): 24점
  → 예상 못 한 금전 입수 + 진로 결정 고민은 상당수 직장인의 판타지. 다만 "5000만원"이라는 구체적 금액은 중상층 이상에만 해당 (-1점)
  
- 저장하고 싶은가? (25점): 23점
  → "1, 2, 3번 선택에 따른 장단점"을 암시하는 댓글이 있어 참고할 만함. 다만 명시적 인사이트는 부족 (-2점)
  
- 댓글 달고 싶은가? (25점): 24점
  → "너넨 몇 번이냐?" 질문이 댓글 폭발 유발. 첫 댓글도 자신의 경험담을 구체적으로 공개해서 '나도 답할래' 심리 강함
  
- 읽기 편한가? (25점): 24점
  → 길이 적절 (4줄 본문 + 3줄 첫댓글). 줄바꿈 명확. 다만 선택지 구조가 약간 딱딱함

---

**편집장 (품질 심사관): 91/100**

- AI Slop 패턴 없음 (25점): 24점
  → **패턴 #21 위반**: "솔직히 1번 했다가" — 필러 표현 "솔직히" 사용 (-1점)
  → 나머지 24패턴 통과. 구어체 자연스러움 우수
  
- 자연스러운 한국어 문체 (25점): 24점
  → "ㅋㅋ", "멘붕", "뺑뺑이 돌면서" 등 매


--- AUDIT AT 2026-09-19T04:07:41.766Z ---
# 【심사 결과 요약】
**평균 점수: 62점**
**합격 여부: FAIL**

---

## 【상세 심사 내용】

### Roy Lee (바이럴 심사관): 58/100

**세부 채점:**
- 50% 혐오 테스트 통과: 15/25 (종교/미신 혐의로 논란 가능하지만, 신비주의에 끌리는 층과 과학적 거부 층이 명확히 갈라짐 — 충분하지만 위험)
- 공유 유발 요소: 20/25 (직장 스트레스 상황 공감, 댓글 자극 강함)
- 논란 각도와 브랜드 DNA 일치: 12/25 (사주/운명론이 브랜드 정체성인지 불명확 — 일회성 재미로 보임)
- 훅의 스크롤 정지력: 11/25 ("팀장 사주 봐줬더니 교운기" — 흥미롭지만 즉각 반응은 약함)

**감점:**
- 브랜드 직접 언급은 없으나, **신뢰성 근거 부족** (-15점): 사주 판단의 신빙성이 제시되지 않음
- 결말이 **예측 가능한 선택지 3개** 나열로 끝남 (-15점): 바이럴 반전 부족

---

### 타깃 유저 (독자 심사관): 64/100

**세부 채점:**
- "내 얘기인가?": 18/25 (직장인·스트레스 상황은 구체적이지만, 사주 관심층에만 제한됨 — 업계 한정적)
- 저장하고 싶은가: 16/25 (직장 위기 시나리오 3개는 유용하지만, 사주 근거와 연결이 약해서 '참고할 만한 정보'로 못 느껴짐)
- 댓글 달고 싶은가: 20/25 (논쟁 거리 충분 — "너는 어느 거 같아?" 식의 댓글 유도력 높음)
- 읽기 편한가: 10/25 (**6줄 초과, 12줄 미만**은 충족하나 **가독성 분절 미흡** — 첫 번째 단락이 6줄로 너무 길고 호흡이 끊김)

**감점:**
- 타깃 모호함: 사주 믿는 직장인 ∩ 의사결정 심각하게 생각하는 층으로 겹침 → 대상이 좁음

---

### 편집장 (품질 심사관): 69/100

**AI Slop 24패턴 체크:**

| 패턴 | 발견 여부 | 위치 |
|------|---------|------|
| 2. 근거 없는 권위 인용 | ✅ 발견 | "판단해봤더니 진짜 10년 교운기" — 사주 판단 근거 제시 없음 |
| 5. 모호한 귀속 | ✅ 발견 | "판이 뒤집힐 준비 중" — 누가? 누구 말


--- AUDIT AT 2026-09-19T04:08:00.322Z ---
# 심사 결과 요약
**평균 점수: 78점**
**합격 여부: FAIL**

---

## 상세 심사

### Roy Lee (바이럴 심사관): 82/100

**채점 내역:**
- 50% 혐오 테스트 통과 (25점): 23/25
  - 선택지 3번(명리학 강사)에서 일부 독자가 "자기계발 사기"로 느낄 수 있음. 논란각도 충분
  
- 공유 유발 요소 (25점): 20/25
  - "존버 vs 뛸래"는 강한 선택지지만, 댓글에서 "3번이 자꾸 생각난다"는 표현이 약함. 더 강한 후킹 가능

- 논란 각도 vs 브랜드 DNA (25점): 22/25
  - 일관된 현실적 어드바이스 톤. 다만 선택지 3번이 다소 예상 밖이라 신선함 +

- 훅 강도 (25점): 17/25
  - "내 후배가 어제 술 마시다 터져버렸어"는 좋은 오프닝이지만, 첫 2줄이 상황 설명으로 흐름. 더 임팩트 있는 첫 문장 필요

**감점:**
- 없음 (광고성 없고, 결말이 예측 불가)

---

### 타깃 유저 (독자 심사관): 75/100

**채점 내역:**
- "내 얘기인가?" (25점): 19/25
  - 30대 초반 남자, 경력 고민 중인 직장인에게는 매우 구체적
  - 하지만 여성 독자나 40대에게는 거리감 있음. 타깃이 너무 좁음

- 저장하고 싶은가? (25점): 18/25
  - 3가지 선택지는 참고할 만하지만, 각 선택지별 실제 데이터나 구체적 성공 사례 부재
  - "선택지만 제시"에 그친 느낌

- 댓글 달고 싶은가? (25점): 20/25
  - 첫 댓글이 이미 "나도 1번 했는데..."로 반응 유발했으니 성공
  - 다만 포스트 본문에서 더 강한 질문 필요

- 읽기 편한가? (25점): 18/25
  - 문단이 길고(350자 이상), 숫자 나열 부분에서 가독성 떨어짐
  - 줄바꿈 부족 (10-11줄 분량이 한 뭉치로 느껴짐)

**감점:**
- 타깃 범위 좁음 (30대 초반 남자 직장인만): -5점

---

### 편집장 (품질 심사관): 77/100

**채점 내역:**
- AI slop 패턴 검사 (25점): 20/25
  - ✅ 절대 금지 어휘 대부분 제거됨 (자연스러운 구어체 사용)
  - ❌ 패턴 위반 발견:
    - **패턴 #21


--- AUDIT AT 2026-09-19T04:08:18.526Z ---
# 【심사 결과 요약】
**평균 점수: 78점**
**합격 여부: FAIL**

---

## 상세 심사

### Roy Lee (바이럴 심사관): 72/100

**배점별 채점:**
- 50% 혐오 테스트 통과 (25점): **20점** — 돈 vs 멘탈 논쟁은 있으나, 직장인 대다수가 공감하는 영역이라 "절반이 싫어할" 정도의 논란성이 약함
- 공유 유발 요소 (25점): **22점** — 댓글 욕구는 강하나(의사결정 조언 요청), 저장/공유 유도는 약함
- 논란 각도와 브랜드 DNA 일치 (25점): **18점** — 개인의 딜레마이지 브랜드 보이스(신뢰/실용성) 와 명확한 일관성 부족
- 훅의 스크롤 정지력 (25점): **12점** — "팀장 호출" → "다른 팀으로 가봐야겠어"는 평탄함. 더 갑작스럽거나 역설적 훅 필요

**감점:**
- 예측 가능한 결말 (-15점): 3가지 선택지 제시는 이미 많이 본 구조
- (불감점) 광고 느낌은 없음

---

### 타깃 유저 (독자 심사관): 76/100

**배점별 채점:**
- "내 얘기인가?" (25점): **22점** — 직장인이라면 공감하나, "사주 본다" "대운 10년" 같은 개인 상황이 스펙트럼을 너무 넓혀서 아무도 정확히 "내 상황"이라 느끼지 못함
- 저장하고 싶은가? (25점): **18점** — 의사결정 틀이 있지만, 일반적인 직장인 조언 수준. 새로운 인사이트나 관점 부족
- 댓글 달고 싶은가? (25점): **24점** — 강함. "나라면?" 토론 욕구 높음
- 읽기 편한가? (25점): **12점** — 6줄 이상 12줄 미만 조건 충족하나, 문단 간 긴장도가 떨어짐. 사주 언급 후 갑자기 선택지로 넘어가는 구성이 어색

**감점:**
- 너무 개인화된 상황 (사주, 팀 문화 특정) 때문에 광범위 읽자층이 공감하기 어려움 (-10점 암묵적 누적)

---

### 편집장 (품질 심사관): 86/100

**배점별 채점:**
- AI slop 패턴 (25점): **22점** — 대체로 자연스럽으나, 
  - "멘탈이 서서히 죽어가는 중" (패턴 6번 역경→극복 구조 약한 흔적)
  - "지금 선택할 수 있는 거:" (인라인 헤더, 패턴 15번 약간)
  
- 자연스러운 한국어 


--- AUDIT AT 2026-09-19T04:08:36.655Z ---
# 심사 결과 요약
**평균 점수: 87점**
**합격 여부: FAIL** (90점 이상 미달)

---

## 상세 심사 내용

### Roy Lee (바이럴 심사관): 82/100

**채점 내역:**
- 50% 혐오 테스트 통과: 23/25 
  (월급 vs 정신건강 딜레마는 공감/반박 갈림. 다만 예상 범위 내)
- 공유 유발 요소: 24/25 
  (저장/댓글 강력 유발, 첫 댓글도 실제 경험담으로 댓글 마중)
- 논란 각도와 브랜드 일치: 20/25 
  (경력/직장 선택이라는 중립적 화제, 개인 브랜드 보이스는 약함)
- 훅 강도: 24/25 
  ("1주일 만에 연락" → "보이지 않는 파벌" 낙차 우수)

**감점 사항:**
- 없음 (광고/직접 언급 없음, 예측 가능한 결말 아님)

**Roy Lee 평가:** 훅과 공유 동력은 강한데, 브랜드 관점이 약해 보임. 포스트가 *일반적인 커리어 상담*처럼 읽혀 바이럴의 차별성 부족.

---

### 타깃 유저 (독자 심사관): 88/100

**채점 내역:**
- "내 얘기인가?": 24/25 
  (직장인, 특히 성장기 경력자가 강하게 공감. "정신 건강 vs 돈" 개인적 고민)
- 저장하고 싶은가: 23/25 
  (3가지 선택지가 명확해 나중에 참고할 만함. 다만 근본적 해답 제시 없음)
- 댓글 달고 싶은가: 24/25 
  (의견 제시 욕구 높음. 첫 댓글이 실제로 "나도 1번 했는데..." 식 경험담)
- 읽기 편한가: 17/25 
  (6줄 이상 12줄 미만 만족, 그런데 문장이 길고 중첩 구조 많음: "면접 때 들은 건 X였는데 첫날부터 느껴진 건 Y이었음" 식 복합문 남발)

**감점 사항:**
- -10점: 문장 가독성 저하 (길이는 OK, 구조 복잡)

**타깃 유저 평가:** 감정 공감은 충분하나, 자신의 상황에 적용하려면 좀 더 구체적 선택지(연봉 차이 수치, 시간 재정 등)가 필요해 보임.

---

### 편집장 (품질 심사관): 89/100

**AI Slop 24패턴 검사:**

✅ **적발된 패턴:**
- **패턴 #9: 부정 병렬 구조** ("말은 자유로운데 하는 행동은 꼰대급" — "하는 행동이 꼰대급이야"로 직접이 더
